"paper.id","chair.id"
"1","NA"
"2","NA"
"3","NA"
"4","557"
"5","557"
"6","557"
"7","8"
"8","8"
"9","8"
"10","812"
"11","812"
"12","812"
"13","1269"
"14","1269"
"15","1269"
"16","1269"
"17","1020"
"18","1020"
"19","1020"
"20","1269"
"21","1269"
"22","1269"
"23","358"
"24","358"
"25","358"
"26","1333"
"27","1333"
"28","1333"
"29","NA"
"30","NA"
"31","NA"
"32","409"
"33","409"
"34","409"
"35","141"
"36","141"
"37","141"
"38","453"
"39","453"
"40","453"
"41","1022"
"42","1022"
"43","1022"
"44","535"
"45","535"
"46","535"
"47","269"
"48","269"
"49","269"
"50","742"
"51","1092"
"52","1092"
"53","1092"
"54","NA"
"55","89"
"56","731"
"57","731"
"58","1399"
"59","1399"
"60","759"
"61","759"
"62","457"
"63","874"
"64","261"
"65","1473"
"66","NA"
"67","NA"
"68","NA"
"69","1487"
"70","1487"
"71","1487"
"72","1154"
"73","1154"
"74","1154"
"75","152"
"76","297"
"77","297"
"78","297"
"79","810"
"80","810"
"81","810"
"82","284"
"83","284"
"84","284"
"85","129"
"86","129"
"87","129"
"88","633"
"89","633"
"90","633"
"91","NA"
"92","NA"
"93","NA"
"94","340"
"95","340"
"96","340"
"97","259"
"98","259"
"99","259"
"100","40"
"101","40"
"102","40"
"103","NA"
"104","462"
"105","462"
"106","462"
"107","555"
"108","555"
"109","555"
"110","1148"
"111","1148"
"112","1148"
"113","932"
"114","932"
"115","932"
"116","1407"
"117","1407"
"118","1407"
"119","621"
"120","1237"
"121","1237"
"122","1237"
"123","1068"
"124","1068"
"125","1068"
"126","NA"
"127","190"
"128","295"
"129","514"
"130","514"
"131","514"
"132","715"
"133","715"
"134","715"
"135","894"
"136","894"
"137","894"
"138","1186"
"139","1186"
"140","1186"
"141","1186"
"142","1326"
"143","1326"
"144","1326"
"145","NA"
"146","268"
"147","1516"
"148","1516"
"149","992"
"150","78"
"151","1550"
"152","727"
"153","620"
"154","620"
"155","711"
"156","NA"
"157","NA"
"158","NA"
"159","NA"
"160","NA"
"161","NA"
"162","NA"
"163","NA"
"164","NA"
"165","NA"
"166","NA"
"167","NA"
"168","NA"
"169","NA"
"170","NA"
"171","NA"
"172","NA"
"173","NA"
"174","NA"
"175","NA"
"176","NA"
"177","NA"
"178","NA"
"179","NA"
"180","NA"
"181","NA"
"182","NA"
"183","NA"
"184","NA"
"185","NA"
"186","1569"
"187","1569"
"188","1569"
"189","1260"
"190","1260"
"191","1260"
"192","185"
"193","185"
"194","185"
"195","221"
"196","221"
"197","221"
"198","NA"
"199","NA"
"200","1426"
"201","1528"
"202","1428"
"203","770"
"204","770"
"205","523"
"206","408"
"207","20"
"208","283"
"209","1185"
"210","1067"
"211","407"
"212","487"
"213","1015"
"214","732"
"215","835"
"216","1058"
"217","1058"
"218","1005"
"219","1428"
"220","1428"
"221","NA"
"222","NA"
"223","NA"
"224","NA"
"225","NA"
"226","NA"
"227","NA"
"228","NA"
"229","NA"
"230","NA"
"231","NA"
"232","NA"
"233","NA"
"234","NA"
"235","1143"
"236","NA"
"237","NA"
"238","405"
"239","405"
"240","NA"
"241","1465"
"242","1465"
"243","397"
"244","397"
"245","583"
"246","583"
"247","NA"
"248","740"
"249","740"
"250","740"
"251","1014"
"252","1014"
"253","1014"
"254","493"
"255","493"
"256","493"
"257","560"
"258","560"
"259","560"
"260","1181"
"261","1181"
"262","1181"
"263","893"
"264","893"
"265","893"
"266","1517"
"267","1517"
"268","1517"
"269","613"
"270","613"
"271","613"
"272","502"
"273","502"
"274","502"
"275","1159"
"276","1159"
"277","727"
"278","727"
"279","727"
"280","203"
"281","203"
"282","203"
"283","1053"
"284","1053"
"285","1053"
"286","1383"
"287","1383"
"288","1383"
"289","639"
"290","639"
"291","639"
"292","1268"
"293","1268"
"294","1268"
"295","446"
"296","446"
"297","446"
"298","647"
"299","647"
"300","647"
"301","1258"
"302","1568"
"303","1568"
"304","1568"
"305","1051"
"306","1051"
"307","1259"
"308","339"
"309","339"
"310","339"
"311","787"
"312","787"
"313","787"
"314","763"
"315","763"
"316","763"
"317","33"
"318","33"
"319","33"
"320","909"
"321","909"
"322","1187"
"323","1187"
"324","1187"
"325","151"
"326","151"
"327","151"
"328","1092"
"329","1092"
"330","1092"
"331","1460"
"332","1460"
"333","1460"
"334","1406"
"335","1406"
"336","1406"
"337","1225"
"338","1225"
"339","1225"
"340","1005"
"341","694"
"342","694"
"343","694"
"344","756"
"345","756"
"346","778"
"347","778"
"348","778"
"349","311"
"350","311"
"351","311"
"352","947"
"353","947"
"354","947"
"355","783"
"356","783"
"357","783"
"358","270"
"359","1494"
"360","1494"
"361","1494"
"362","90"
"363","90"
"364","90"
"365","136"
"366","136"
"367","136"
"368","251"
"369","251"
"370","251"
"371","281"
"372","281"
"373","281"
"374","1349"
"375","1349"
"376","1349"
"377","1156"
"378","1156"
"379","1156"
"380","951"
"381","951"
"382","951"
"383","284"
"384","284"
"385","284"
"386","4"
"387","4"
"388","4"
"389","1486"
"390","1486"
"391","1486"
"392","908"
"393","908"
"394","908"
"395","10"
"396","10"
"397","7"
"398","7"
"399","7"
"400","238"
"401","238"
"402","238"
"403","1550"
"404","1550"
"405","1550"
"406","1152"
"407","1152"
"408","1152"
"409","1066"
"410","1066"
"411","492"
"412","492"
"413","492"
"414","930"
"415","930"
"416","692"
"417","692"
"418","692"
"419","366"
"420","366"
"421","366"
"422","2"
"423","2"
"424","2"
"425","9"
"426","9"
"427","9"
"428","711"
"429","374"
"430","374"
"431","1382"
"432","1382"
"433","1382"
"434","1034"
"435","1034"
"436","NA"
"437","NA"
"438","345"
"439","345"
"440","639"
"441","1452"
"442","280"
"443","940"
"444","748"
"445","997"
"446","997"
"447","226"
"448","894"
"449","971"
"450","482"
"451","214"
"452","572"
"453","582"
"454","418"
"455","480"
"456","366"
"457","304"
"458","630"
"459","630"
"460","630"
"461","11"
"462","452"
"463","452"
"464","1405"
"465","1405"
"466","1495"
"467","864"
"468","924"
"469","934"
"470","488"
"471","871"
"472","314"
"473","951"
"474","901"
"475","1020"
"476","889"
"477","889"
"478","878"
"479","606"
"480","606"
"481","1380"
"482","1380"
"483","1380"
"484","745"
"485","745"
"486","745"
"487","1270"
"488","1270"
"489","1270"
"490","175"
"491","175"
"492","175"
"493","1133"
"494","1133"
"495","1133"
"496","973"
"497","973"
"498","973"
"499","381"
"500","381"
"501","381"
"502","1332"
"503","1332"
"504","1332"
"505","748"
"506","748"
"507","748"
"508","213"
"509","213"
"510","213"
"511","1352"
"512","1352"
"513","1352"
"514","869"
"515","869"
"516","869"
"517","1528"
"518","1528"
"519","1528"
"520","1433"
"521","1433"
"522","1433"
"523","130"
"524","130"
"525","130"
"526","1160"
"527","1160"
"528","1160"
"529","928"
"530","928"
"531","928"
"532","1199"
"533","1199"
"534","1199"
"535","204"
"536","204"
"537","204"
"538","985"
"539","985"
"540","985"
"541","341"
"542","341"
"543","341"
"544","1090"
"545","625"
"546","625"
"547","625"
"548","952"
"549","952"
"550","952"
"551","756"
"552","756"
"553","756"
"554","1257"
"555","1257"
"556","350"
"557","5"
"558","5"
"559","5"
"560","1514"
"561","1514"
"562","1514"
"563","1405"
"564","1405"
"565","1405"
"566","1062"
"567","1062"
"568","1062"
"569","623"
"570","623"
"571","623"
"572","1275"
"573","1275"
"574","1275"
"575","88"
"576","88"
"577","88"
"578","262"
"579","262"
"580","262"
"581","1098"
"582","1098"
"583","1098"
"584","693"
"585","460"
"586","298"
"587","298"
"588","298"
"589","258"
"590","258"
"591","258"
"592","761"
"593","761"
"594","761"
"595","1223"
"596","1223"
"597","1223"
"598","1028"
"599","1028"
"600","1028"
"601","1252"
"602","1252"
"603","1252"
"604","637"
"605","637"
"606","637"
"607","1250"
"608","1250"
"609","1250"
"610","509"
"611","509"
"612","509"
"613","742"
"614","742"
"615","742"
"616","766"
"617","766"
"618","766"
"619","1235"
"620","1235"
"621","1235"
"622","926"
"623","926"
"624","926"
"625","452"
"626","452"
"627","452"
"628","631"
"629","631"
"630","631"
"631","539"
"632","539"
"633","539"
"634","1395"
"635","1395"
"636","1395"
"637","1189"
"638","1189"
"639","1189"
"640","334"
"641","334"
"642","334"
"643","740"
"644","740"
"645","740"
"646","811"
"647","811"
"648","811"
"649","1255"
"650","1255"
"651","1255"
"652","875"
"653","875"
"654","875"
"655","460"
"656","29"
"657","29"
"658","29"
"659","794"
"660","794"
"661","794"
"662","506"
"663","506"
"664","506"
"665","106"
"666","106"
"667","106"
"668","1018"
"669","1018"
"670","1018"
"671","841"
"672","841"
"673","841"
"674","647"
"675","647"
"676","333"
"677","333"
"678","333"
"679","1247"
"680","1247"
"681","1247"
"682","695"
"683","1113"
"684","239"
"685","973"
"686","304"
"687","507"
"688","60"
"689","971"
"690","536"
"691","1204"
"692","1309"
"693","871"
"694","1117"
"695","1117"
"696","1185"
"697","1276"
"698","1568"
"699","1448"
"700","1448"
"701","529"
"702","529"
"703","567"
"704","1354"
"705","347"
"706","776"
"707","894"
"708","894"
"709","927"
"710","927"
"711","254"
"712","942"
"713","582"
"714","1409"
"715","214"
"716","214"
"717","895"
"718","931"
"719","1535"
"720","918"
"721","573"
"722","928"
"723","1009"
"724","102"
"725","102"
"726","102"
"727","39"
"728","39"
"729","39"
"730","638"
"731","638"
"732","638"
"733","461"
"734","461"
"735","461"
"736","935"
"737","935"
"738","935"
"739","763"
"740","763"
"741","763"
"742","677"
"743","677"
"744","677"
"745","1251"
"746","1251"
"747","1251"
"748","1392"
"749","1392"
"750","1392"
"751","312"
"752","312"
"753","312"
"754","278"
"755","278"
"756","278"
"757","1124"
"758","1124"
"759","1124"
"760","871"
"761","871"
"762","871"
"763","1005"
"764","169"
"765","169"
"766","169"
"767","1015"
"768","1015"
"769","1015"
"770","1303"
"771","1303"
"772","1303"
"773","808"
"774","808"
"775","808"
"776","130"
"777","130"
"778","130"
"779","888"
"780","888"
"781","888"
"782","1322"
"783","1322"
"784","1322"
"785","1447"
"786","1447"
"787","1447"
"788","1529"
"789","1529"
"790","1529"
"791","120"
"792","120"
"793","120"
"794","349"
"795","349"
"796","349"
"797","640"
"798","640"
"799","640"
"800","1232"
"801","1533"
"802","1450"
"803","1450"
"804","1450"
"805","648"
"806","648"
"807","648"
"808","1505"
"809","1505"
"810","1505"
"811","1002"
"812","1002"
"813","1002"
"814","1284"
"815","1284"
"816","1284"
"817","1518"
"818","1518"
"819","1518"
"820","782"
"821","338"
"822","338"
"823","338"
"824","687"
"825","687"
"826","687"
"827","1023"
"828","1023"
"829","1023"
"830","948"
"831","948"
"832","948"
"833","270"
"834","270"
"835","270"
"836","1188"
"837","1188"
"838","1188"
"839","755"
"840","755"
"841","585"
"842","785"
"843","785"
"844","785"
"845","445"
"846","445"
"847","445"
"848","484"
"849","484"
"850","484"
"851","1557"
"852","1557"
"853","1557"
"854","1432"
"855","1432"
"856","1432"
"857","522"
"858","522"
"859","522"
"860","411"
"861","411"
"862","411"
"863","355"
"864","355"
"865","355"
"866","681"
"867","681"
"868","681"
"869","1091"
"870","1091"
"871","1091"
"872","842"
"873","842"
"874","842"
"875","418"
"876","418"
"877","418"
"878","497"
"879","497"
"880","497"
"881","790"
"882","790"
"883","790"
"884","748"
"885","748"
"886","748"
"887","1458"
"888","1458"
"889","1458"
"890","329"
"891","329"
"892","329"
"893","207"
"894","207"
"895","207"
"896","710"
"897","1215"
"898","1215"
"899","1466"
"900","1560"
"901","1560"
"902","367"
"903","367"
"904","367"
"905","579"
"906","1035"
"907","1035"
"908","1035"
"909","1167"
"910","1167"
"911","1167"
"912","1319"
"913","1319"
"914","1319"
"915","372"
"916","372"
"917","372"
"918","147"
"919","147"
"920","147"
"921","1502"
"922","271"
"923","271"
"924","271"
"925","365"
"926","365"
"927","365"
"928","1147"
"929","1147"
"930","1147"
"931","375"
"932","375"
"933","375"
"934","586"
"935","586"
"936","586"
"937","1335"
"938","1335"
"939","281"
"940","281"
"941","281"
"942","1349"
"943","1349"
"944","1349"
"945","176"
"946","176"
"947","166"
"948","166"
"949","166"
"950","425"
"951","425"
"952","425"
"953","1431"
"954","227"
"955","227"
"956","227"
"957","852"
"958","852"
"959","852"
"960","1017"
"961","1017"
"962","1017"
"963","1"
"964","661"
"965","883"
"966","979"
"967","741"
"968","522"
"969","1439"
"970","1353"
"971","357"
"972","42"
"973","752"
"974","752"
"975","573"
"976","235"
"977","336"
"978","58"
"979","58"
"980","554"
"981","828"
"982","447"
"983","447"
"984","869"
"985","95"
"986","158"
"987","697"
"988","126"
"989","126"
"990","191"
"991","503"
"992","272"
"993","1449"
"994","213"
"995","213"
"996","124"
"997","124"
"998","124"
"999","802"
"1000","802"
"1001","802"
"1002","1005"
"1003","1005"
"1004","1005"
"1005","80"
"1006","80"
"1007","80"
"1008","1380"
"1009","1380"
"1010","1380"
"1011","1325"
"1012","1325"
"1013","1325"
"1014","1345"
"1015","1345"
"1016","1345"
"1017","1343"
"1018","1343"
"1019","1343"
"1020","1116"
"1021","1116"
"1022","1116"
"1023","1000"
"1024","1000"
"1025","1000"
"1026","1446"
"1027","1446"
"1028","1446"
"1029","876"
"1030","876"
"1031","876"
"1032","876"
"1033","1514"
"1034","715"
"1035","715"
"1036","715"
"1037","1489"
"1038","1489"
"1039","1011"
"1040","1011"
"1041","1011"
"1042","1220"
"1043","1220"
"1044","1220"
"1045","410"
"1046","410"
"1047","410"
"1048","303"
"1049","303"
"1050","1027"
"1051","1027"
"1052","1027"
"1053","724"
"1054","724"
"1055","724"
"1056","641"
"1057","641"
"1058","641"
"1059","475"
"1060","475"
"1061","475"
"1062","465"
"1063","465"
"1064","1194"
"1065","1194"
"1066","1194"
"1067","1124"
"1068","1124"
"1069","1124"
"1070","219"
"1071","219"
"1072","219"
"1073","700"
"1074","700"
"1075","700"
"1076","1567"
"1077","1567"
"1078","1567"
"1079","485"
"1080","485"
"1081","485"
"1082","388"
"1083","388"
"1084","51"
"1085","51"
"1086","51"
"1087","219"
"1088","219"
"1089","219"
"1090","219"
"1091","219"
"1092","219"
"1093","861"
"1094","861"
"1095","838"
"1096","838"
"1097","838"
"1098","735"
"1099","735"
"1100","735"
"1101","925"
"1102","925"
"1103","925"
"1104","399"
"1105","399"
"1106","399"
"1107","736"
"1108","736"
"1109","736"
"1110","1514"
"1111","1514"
"1112","1514"
"1113","1296"
"1114","1296"
"1115","1404"
"1116","1404"
"1117","1404"
"1118","1086"
"1119","1086"
"1120","1086"
"1121","351"
"1122","351"
"1123","351"
"1124","1265"
"1125","1265"
"1126","1265"
"1127","1309"
"1128","1309"
"1129","1309"
"1130","154"
"1131","154"
"1132","154"
"1133","326"
"1134","326"
"1135","1381"
"1136","1381"
"1137","1381"
"1138","318"
"1139","318"
"1140","318"
"1141","318"
"1142","318"
"1143","318"
"1144","1381"
"1145","1381"
"1146","1381"
"1147","1466"
"1148","1466"
"1149","1466"
"1150","1468"
"1151","1468"
"1152","1468"
"1153","496"
"1154","496"
"1155","496"
"1156","150"
"1157","150"
"1158","150"
"1159","713"
"1160","605"
"1161","605"
"1162","807"
"1163","328"
"1164","328"
"1165","328"
"1166","328"
"1167","281"
"1168","281"
"1169","281"
"1170","1349"
"1171","1349"
"1172","1349"
"1173","798"
"1174","798"
"1175","798"
"1176","576"
"1177","713"
"1178","1446"
"1179","601"
"1180","601"
"1181","601"
"1182","1184"
"1183","1184"
"1184","1184"
"1185","31"
"1186","31"
"1187","662"
"1188","376"
"1189","83"
"1190","973"
"1191","132"
"1192","241"
"1193","1267"
"1194","743"
"1195","884"
"1196","1443"
"1197","802"
"1198","373"
"1199","1033"
"1200","1325"
"1201","101"
"1202","1363"
"1203","1290"
"1204","1431"
"1205","746"
"1206","331"
"1207","990"
"1208","313"
"1209","1523"
"1210","212"
"1211","117"
"1212","379"
"1213","640"
"1214","678"
"1215","1212"
"1216","1161"
"1217","1124"
"1218","1532"
"1219","1324"
"1220","1324"
"1221","1324"
"1222","130"
"1223","130"
"1224","130"
"1225","1133"
"1226","1133"
"1227","1133"
"1228","169"
"1229","169"
"1230","169"
"1231","647"
"1232","1320"
"1233","1320"
"1234","1320"
"1235","122"
"1236","122"
"1237","122"
"1238","373"
"1239","373"
"1240","373"
"1241","239"
"1242","239"
"1243","239"
"1244","31"
"1245","31"
"1246","31"
"1247","1112"
"1248","1112"
"1249","1112"
"1250","517"
"1251","517"
"1252","517"
"1253","963"
"1254","963"
"1255","963"
"1256","146"
"1257","146"
"1258","146"
"1259","587"
"1260","587"
"1261","587"
"1262","1107"
"1263","1107"
"1264","1107"
"1265","1213"
"1266","1213"
"1267","1213"
"1268","1222"
"1269","1222"
"1270","1222"
"1271","318"
"1272","318"
"1273","318"
"1274","1146"
"1275","640"
"1276","640"
"1277","640"
"1278","877"
"1279","877"
"1280","877"
"1281","1130"
"1282","1130"
"1283","1130"
"1284","1130"
"1285","590"
"1286","590"
"1287","590"
"1288","1059"
"1289","1059"
"1290","1059"
"1291","963"
"1292","963"
"1293","963"
"1294","1211"
"1295","1211"
"1296","950"
"1297","649"
"1298","649"
"1299","1531"
"1300","1531"
"1301","1531"
"1302","1031"
"1303","1031"
"1304","1031"
"1305","828"
"1306","828"
"1307","828"
"1308","1195"
"1309","1195"
"1310","1195"
"1311","737"
"1312","737"
"1313","737"
"1314","451"
"1315","451"
"1316","451"
"1317","343"
"1318","343"
"1319","343"
"1320","1482"
"1321","1482"
"1322","1482"
"1323","402"
"1324","402"
"1325","402"
"1326","198"
"1327","198"
"1328","975"
"1329","975"
"1330","975"
"1331","736"
"1332","736"
"1333","736"
"1334","1560"
"1335","1560"
"1336","1560"
"1337","811"
"1338","811"
"1339","811"
"1340","244"
"1341","244"
"1342","244"
"1343","447"
"1344","447"
"1345","447"
"1346","1357"
"1347","1357"
"1348","1357"
"1349","1357"
"1350","897"
"1351","897"
"1352","897"
"1353","897"
"1354","1327"
"1355","1327"
"1356","1327"
"1357","914"
"1358","914"
"1359","914"
"1360","688"
"1361","688"
"1362","688"
"1363","157"
"1364","157"
"1365","157"
"1366","532"
"1367","532"
"1368","532"
"1369","198"
"1370","198"
"1371","198"
"1372","1083"
"1373","1083"
"1374","1083"
"1375","1267"
"1376","1267"
"1377","1267"
"1378","292"
"1379","292"
"1380","292"
"1381","1334"
"1382","1334"
"1383","1334"
"1384","1334"
"1385","255"
"1386","255"
"1387","255"
"1388","255"
"1389","745"
"1390","1120"
"1391","1120"
"1392","1120"
"1393","1445"
"1394","1445"
"1395","1445"
"1396","642"
"1397","673"
"1398","1410"
"1399","1410"
"1400","1410"
"1401","111"
"1402","111"
"1403","111"
"1404","1005"
"1405","1005"
"1406","1005"
"1407","1436"
"1408","1436"
"1409","1436"
"1410","115"
"1411","290"
"1412","712"
"1413","43"
"1414","43"
"1415","43"
"1416","43"
"1417","43"
"1418","267"
"1419","267"
"1420","267"
"1421","1350"
"1422","1350"
"1423","1350"
"1424","616"
"1425","616"
"1426","616"
"1427","800"
"1428","800"
"1429","800"
"1430","260"
"1431","260"
"1432","260"
"1433","1185"
"1434","1185"
"1435","1185"
"1436","989"
"1437","1142"
"1438","1142"
"1439","1142"
"1440","1305"
"1441","1305"
"1442","1305"
"1443","1305"
"1444","748"
"1445","748"
"1446","748"
"1447","792"
"1448","792"
"1449","792"
"1450","1317"
"1451","1317"
"1452","1317"
"1453","1279"
"1454","1279"
"1455","1279"
"1456","680"
"1457","680"
"1458","680"
"1459","371"
"1460","371"
"1461","371"
"1462","563"
"1463","563"
"1464","563"
"1465","547"
"1466","547"
"1467","547"
"1468","308"
"1469","429"
"1470","123"
"1471","1124"
"1472","344"
"1473","743"
"1474","1246"
"1475","1484"
"1476","116"
"1477","1073"
"1478","1363"
"1479","534"
"1480","1059"
"1481","931"
"1482","35"
"1483","322"
"1484","1345"
"1485","170"
"1486","686"
"1487","114"
"1488","1248"
"1489","1523"
"1490","316"
"1491","1532"
"1492","988"
"1493","1511"
"1494","1218"
"1495","999"
"1496","415"
"1497","81"
"1498","1133"
"1499","1530"
"1500","708"
"1501","708"
"1502","708"
"1503","1119"
"1504","745"
"1505","110"
"1506","110"
"1507","110"
"1508","1445"
"1509","1445"
"1510","1445"
"1511","94"
"1512","94"
"1513","94"
"1514","1325"
"1515","1325"
"1516","1325"
"1517","1270"
"1518","1270"
"1519","1270"
"1520","757"
"1521","757"
"1522","757"
"1523","393"
"1524","393"
"1525","393"
"1526","446"
"1527","446"
"1528","446"
"1529","373"
"1530","373"
"1531","373"
"1532","168"
"1533","168"
"1534","168"
"1535","132"
"1536","132"
"1537","132"
"1538","500"
"1539","500"
"1540","500"
"1541","23"
"1542","23"
"1543","23"
"1544","562"
"1545","562"
"1546","562"
"1547","1216"
"1548","1216"
"1549","1216"
"1550","145"
"1551","145"
"1552","145"
"1553","516"
"1554","516"
"1555","516"
"1556","1113"
"1557","1113"
"1558","1113"
"1559","1540"
"1560","1540"
"1561","1540"
"1562","577"
"1563","577"
"1564","577"
"1565","635"
"1566","635"
"1567","635"
"1568","1221"
"1569","1221"
"1570","1221"
"1571","1370"
"1572","1370"
"1573","1370"
"1574","44"
"1575","1162"
"1576","1162"
"1577","1162"
"1578","564"
"1579","564"
"1580","564"
"1581","1196"
"1582","860"
"1583","860"
"1584","860"
"1585","663"
"1586","663"
"1587","663"
"1588","669"
"1589","669"
"1590","669"
"1591","624"
"1592","624"
"1593","624"
"1594","1417"
"1595","1417"
"1596","1417"
"1597","1299"
"1598","1299"
"1599","1299"
"1600","1105"
"1601","1105"
"1602","1105"
"1603","236"
"1604","236"
"1605","236"
"1606","1346"
"1607","1346"
"1608","1346"
"1609","483"
"1610","483"
"1611","483"
"1612","1236"
"1613","1236"
"1614","1236"
"1615","668"
"1616","668"
"1617","668"
"1618","210"
"1619","210"
"1620","210"
"1621","234"
"1622","234"
"1623","234"
"1624","301"
"1625","301"
"1626","301"
"1627","913"
"1628","913"
"1629","913"
"1630","1397"
"1631","1397"
"1632","1397"
"1633","1086"
"1634","1086"
"1635","1086"
"1636","319"
"1637","319"
"1638","319"
"1639","790"
"1640","790"
"1641","790"
"1642","1243"
"1643","1243"
"1644","1243"
"1645","1142"
"1646","1142"
"1647","1142"
"1648","791"
"1649","791"
"1650","791"
"1651","1286"
"1652","1286"
"1653","1286"
"1654","881"
"1655","881"
"1656","881"
"1657","267"
"1658","267"
"1659","267"
"1660","801"
"1661","801"
"1662","801"
"1663","1274"
"1664","1274"
"1665","1274"
"1666","851"
"1667","851"
"1668","911"
"1669","911"
"1670","911"
"1671","1188"
"1672","1188"
"1673","1188"
"1674","1007"
"1675","1007"
"1676","1007"
"1677","1071"
"1678","1071"
"1679","1071"
"1680","501"
"1681","501"
"1682","501"
"1683","574"
"1684","574"
"1685","574"
"1686","446"
"1687","446"
"1688","446"
"1689","1527"
"1690","1527"
"1691","1527"
"1692","255"
"1693","255"
"1694","255"
"1695","848"
"1696","848"
"1697","848"
"1698","1161"
"1699","1161"
"1700","1161"
"1701","197"
"1702","197"
"1703","197"
"1704","422"
"1705","422"
"1706","422"
"1707","155"
"1708","155"
"1709","155"
"1710","1483"
"1711","1483"
"1712","1483"
"1713","128"
"1714","128"
"1715","128"
"1716","1025"
"1717","1025"
"1718","1025"
"1719","614"
"1720","1489"
"1721","1214"
"1722","1214"
"1723","1214"
"1724","1192"
"1725","1192"
"1726","1192"
"1727","270"
"1728","210"
"1729","988"
"1730","712"
"1731","1266"
"1732","697"
"1733","651"
"1734","949"
"1735","612"
"1736","1331"
"1737","1379"
"1738","448"
"1739","905"
"1740","974"
"1741","757"
"1742","243"
"1743","702"
"1744","322"
"1745","1059"
"1746","1562"
"1747","745"
"1748","811"
"1749","1074"
"1750","80"
"1751","140"
"1752","504"
"1753","504"
"1754","504"
"1755","14"
"1756","14"
"1757","14"
"1758","592"
"1759","592"
"1760","592"
"1761","753"
"1762","753"
"1763","753"
"1764","877"
"1765","877"
"1766","877"
"1767","325"
"1768","325"
"1769","325"
"1770","1356"
"1771","721"
"1772","721"
"1773","721"
"1774","473"
"1775","473"
"1776","473"
"1777","420"
"1778","420"
"1779","420"
"1780","1122"
"1781","1122"
"1782","1122"
"1783","1040"
"1784","1040"
"1785","1040"
"1786","99"
"1787","99"
"1788","99"
"1789","1270"
"1790","1270"
"1791","1270"
"1792","169"
"1793","169"
"1794","169"
"1795","1344"
"1796","1344"
"1797","1344"
"1798","757"
"1799","757"
"1800","757"
"1801","243"
"1802","243"
"1803","243"
"1804","1325"
"1805","1325"
"1806","1325"
"1807","132"
"1808","132"
"1809","132"
"1810","435"
"1811","435"
"1812","435"
"1813","395"
"1814","395"
"1815","395"
"1816","748"
"1817","748"
"1818","748"
"1819","373"
"1820","373"
"1821","373"
"1822","750"
"1823","750"
"1824","750"
"1825","82"
"1826","82"
"1827","12"
"1828","12"
"1829","12"
"1830","512"
"1831","512"
"1832","512"
"1833","294"
"1834","294"
"1835","255"
"1836","255"
"1837","255"
"1838","1299"
"1839","1299"
"1840","540"
"1841","663"
"1842","663"
"1843","663"
"1844","624"
"1845","624"
"1846","624"
"1847","1416"
"1848","1416"
"1849","1416"
"1850","786"
"1851","786"
"1852","786"
"1853","696"
"1854","696"
"1855","696"
"1856","1196"
"1857","1196"
"1858","1196"
"1859","1479"
"1860","1479"
"1861","1479"
"1862","1304"
"1863","1304"
"1864","1304"
"1865","216"
"1866","216"
"1867","216"
"1868","144"
"1869","144"
"1870","144"
"1871","1346"
"1872","1346"
"1873","1346"
"1874","603"
"1875","603"
"1876","603"
"1877","913"
"1878","913"
"1879","913"
"1880","674"
"1881","674"
"1882","674"
"1883","1396"
"1884","1396"
"1885","1396"
"1886","547"
"1887","547"
"1888","547"
"1889","267"
"1890","267"
"1891","267"
"1892","1348"
"1893","1348"
"1894","1348"
"1895","88"
"1896","88"
"1897","88"
"1898","499"
"1899","499"
"1900","499"
"1901","902"
"1902","902"
"1903","902"
"1904","142"
"1905","142"
"1906","142"
"1907","1346"
"1908","1346"
"1909","1346"
"1910","1299"
"1911","1299"
"1912","1299"
"1913","156"
"1914","156"
"1915","156"
"1916","806"
"1917","806"
"1918","464"
"1919","464"
"1920","464"
"1921","1400"
"1922","1400"
"1923","1400"
"1924","337"
"1925","337"
"1926","337"
"1927","829"
"1928","829"
"1929","489"
"1930","489"
"1931","489"
"1932","97"
"1933","97"
"1934","709"
"1935","709"
"1936","709"
"1937","1005"
"1938","1005"
"1939","1005"
"1940","1133"
"1941","1133"
"1942","1133"
"1943","1115"
"1944","745"
"1945","745"
"1946","745"
"1947","1530"
"1948","1530"
"1949","1530"
"1950","1530"
"1951","1005"
"1952","873"
"1953","1453"
"1954","1453"
"1955","1453"
"1956","45"
"1957","45"
"1958","45"
"1959","1302"
"1960","1302"
"1961","1302"
"1962","1249"
"1963","1249"
"1964","1249"
"1965","423"
"1966","423"
"1967","423"
"1968","721"
"1969","721"
"1970","721"
"1971","885"
"1972","885"
"1973","885"
"1974","1142"
"1975","1142"
"1976","1142"
"1977","1081"
"1978","1081"
"1979","1081"
"1980","865"
"1981","865"
"1982","865"
"1983","1010"
"1984","1010"
"1985","1010"
"1986","1457"
"1987","1457"
"1988","1457"
"1989","1086"
"1990","1086"
"1991","1086"
"1992","305"
"1993","305"
"1994","305"
"1995","1149"
"1996","1149"
"1997","1149"
"1998","1134"
"1999","1134"
"2000","1134"
"2001","215"
"2002","215"
"2003","215"
"2004","1166"
"2005","192"
"2006","1001"
"2007","1001"
"2008","1312"
"2009","1312"
"2010","424"
"2011","424"
"2012","158"
"2013","158"
"2014","697"
"2015","697"
"2016","1095"
"2017","1095"
"2018","1095"
"2019","209"
"2020","209"
"2021","651"
"2022","651"
"2023","310"
"2024","310"
"2025","310"
"2026","811"
"2027","811"
"2028","811"
"2029","132"
"2030","132"
"2031","348"
"2032","348"
"2033","348"
"2034","1431"
"2035","1431"
"2036","1431"
"2037","463"
"2038","463"
"2039","463"
"2040","153"
"2041","682"
"2042","206"
"2043","1026"
"2044","595"
"2045","327"
"2046","80"
"2047","1421"
"2048","352"
"2049","1379"
"2050","956"
"2051","597"
"2052","169"
"2053","277"
"2054","381"
"2055","1216"
"2056","614"
"2057","1526"
"2058","650"
"2059","1267"
"2060","1267"
"2061","1267"
"2062","1270"
"2063","1270"
"2064","1270"
"2065","643"
"2066","643"
"2067","643"
"2068","576"
"2069","1313"
"2070","1313"
"2071","1313"
"2072","23"
"2073","23"
"2074","23"
"2075","1216"
"2076","1216"
"2077","1216"
"2078","1477"
"2079","1477"
"2080","1477"
"2081","468"
"2082","468"
"2083","468"
"2084","1122"
"2085","1122"
"2086","1122"
"2087","30"
"2088","30"
"2089","30"
"2090","30"
"2091","1270"
"2092","1270"
"2093","1270"
"2094","172"
"2095","172"
"2096","172"
"2097","172"
"2098","172"
"2099","172"
"2100","576"
"2101","1192"
"2102","447"
"2103","447"
"2104","447"
"2105","293"
"2106","293"
"2107","293"
"2108","1289"
"2109","1289"
"2110","1289"
"2111","1421"
"2112","1421"
"2113","1421"
"2114","109"
"2115","109"
"2116","109"
"2117","1379"
"2118","1379"
"2119","1379"
"2120","1320"
"2121","1320"
"2122","1320"
"2123","1325"
"2124","748"
"2125","748"
"2126","748"
"2127","439"
"2128","439"
"2129","439"
"2130","447"
"2131","1176"
"2132","1176"
"2133","1176"
"2134","310"
"2135","310"
"2136","310"
"2137","1442"
"2138","1442"
"2139","1442"
"2140","654"
"2141","654"
"2142","654"
"2143","1298"
"2144","1298"
"2145","1298"
"2146","814"
"2147","814"
"2148","814"
"2149","840"
"2150","840"
"2151","840"
"2152","1272"
"2153","1272"
"2154","1272"
"2155","102"
"2156","102"
"2157","102"
"2158","1123"
"2159","1123"
"2160","1123"
"2161","1180"
"2162","1180"
"2163","1180"
"2164","1123"
"2165","1123"
"2166","1123"
"2167","1196"
"2168","510"
"2169","510"
"2170","510"
"2171","510"
"2172","663"
"2173","663"
"2174","663"
"2175","164"
"2176","164"
"2177","164"
"2178","87"
"2179","87"
"2180","87"
"2181","346"
"2182","346"
"2183","346"
"2184","1196"
"2185","1196"
"2186","1196"
"2187","749"
"2188","749"
"2189","749"
"2190","1132"
"2191","1132"
"2192","1132"
"2193","186"
"2194","186"
"2195","186"
"2196","970"
"2197","970"
"2198","970"
"2199","1155"
"2200","1155"
"2201","1155"
"2202","415"
"2203","415"
"2204","415"
"2205","551"
"2206","551"
"2207","551"
"2208","845"
"2209","845"
"2210","845"
"2211","389"
"2212","389"
"2213","389"
"2214","1093"
"2215","1093"
"2216","657"
"2217","657"
"2218","657"
"2219","671"
"2220","671"
"2221","671"
"2222","1351"
"2223","1351"
"2224","1351"
"2225","1038"
"2226","1038"
"2227","1038"
"2228","549"
"2229","549"
"2230","549"
"2231","714"
"2232","714"
"2233","714"
"2234","853"
"2235","853"
"2236","853"
"2237","1040"
"2238","1040"
"2239","1040"
"2240","931"
"2241","931"
"2242","931"
"2243","546"
"2244","546"
"2245","546"
"2246","277"
"2247","277"
"2248","277"
"2249","381"
"2250","381"
"2251","381"
"2252","1253"
"2253","1253"
"2254","1253"
"2255","1318"
"2256","1318"
"2257","1318"
"2258","1219"
"2259","1219"
"2260","1219"
"2261","1420"
"2262","1420"
"2263","1420"
"2264","1003"
"2265","1003"
"2266","1003"
"2267","1133"
"2268","1133"
"2269","1133"
"2270","1287"
"2271","1287"
"2272","1287"
"2273","840"
"2274","840"
"2275","840"
"2276","1510"
"2277","1510"
"2278","1510"
"2279","844"
"2280","844"
"2281","844"
"2282","805"
"2283","805"
"2284","805"
"2285","1307"
"2286","968"
"2287","968"
"2288","968"
"2289","306"
"2290","306"
"2291","558"
"2292","558"
"2293","558"
"2294","891"
"2295","891"
"2296","891"
"2297","855"
"2298","855"
"2299","855"
"2300","765"
"2301","765"
"2302","765"
"2303","556"
"2304","556"
"2305","855"
"2306","855"
"2307","855"
"2308","748"
"2309","748"
"2310","748"
"2311","867"
"2312","867"
"2313","867"
"2314","1089"
"2315","1089"
"2316","1089"
"2317","1388"
"2318","1388"
"2319","1388"
"2320","112"
"2321","112"
"2322","112"
"2323","218"
"2324","1566"
"2325","1566"
"2326","1566"
"2327","191"
"2328","191"
"2329","191"
"2330","191"
"2331","191"
"2332","191"
"2333","36"
"2334","36"
"2335","36"
"2336","1209"
"2337","1209"
"2338","1209"
"2339","1061"
"2340","1061"
"2341","1061"
"2342","1227"
"2343","1227"
"2344","1227"
"2345","1288"
"2346","1288"
"2347","1288"
"2348","1456"
"2349","1456"
"2350","1456"
"2351","1456"
"2352","1456"
"2353","1456"
"2354","1456"
"2355","1456"
"2356","1456"
"2357","1456"
"2358","1456"
"2359","1456"
"2360","1456"
"2361","1456"
"2362","1456"
"2363","1456"
"2364","1456"
"2365","1456"
"2366","1456"
"2367","691"
"2368","691"
"2369","691"
"2370","691"
"2371","691"
"2372","691"
"2373","691"
"2374","691"
"2375","691"
"2376","691"
"2377","691"
"2378","691"
"2379","691"
"2380","691"
"2381","691"
"2382","691"
"2383","691"
"2384","691"
"2385","691"
"2386","691"
"2387","691"
"2388","691"
"2389","691"
"2390","691"
"2391","691"
"2392","691"
"2393","691"
"2394","691"
"2395","691"
"2396","691"
"2397","691"
"2398","691"
"2399","691"
"2400","691"
"2401","691"
"2402","691"
"2403","691"
"2404","691"
"2405","691"
"2406","691"
"2407","691"
"2408","691"
"2409","691"
"2410","691"
"2411","691"
"2412","691"
"2413","691"
"2414","691"
"2415","1384"
"2416","1384"
"2417","1384"
"2418","348"
"2419","348"
"2420","348"
"2421","1241"
"2422","1241"
"2423","348"
"2424","348"
"2425","348"
"2426","481"
"2427","481"
"2428","481"
"2429","210"
"2430","210"
"2431","133"
"2432","133"
"2433","133"
"2434","296"
"2435","296"
"2436","296"
"2437","253"
"2438","253"
"2439","253"
"2440","61"
"2441","61"
"2442","61"
"2443","723"
"2444","723"
"2445","723"
"2446","961"
"2447","961"
"2448","961"
"2449","1"
"2450","1"
"2451","1"
"2452","1"
"2453","1"
"2454","1"
"2455","1"
"2456","1"
"2457","1"
"2458","1"
"2459","1"
"2460","1"
"2461","1"
"2462","1"
"2463","1"
"2464","1"
"2465","1"
"2466","1"
"2467","1"
"2468","1"
"2469","1"
"2470","650"
"2471","348"
"2472","325"
"2473","1216"
"2474","118"
"2475","118"
"2476","118"
"2477","118"
"2478","118"
"2479","1476"
"2480","1476"
"2481","118"
"2482","1476"
"2483","1500"
"2484","240"
"2485","846"
"2486","291"
"2487","1321"
"2488","995"
"2489","1193"
"2490","169"
"2491","872"
"2492","651"
"2493","651"
"2494","651"
"2495","1177"
"2496","1177"
"2497","1177"
"2498","1365"
"2499","1365"
"2500","1365"
"2501","1515"
"2502","1515"
"2503","1515"
"2504","1501"
"2505","1501"
"2506","1501"
"2507","1423"
"2508","1423"
"2509","1423"
"2510","595"
"2511","595"
"2512","595"
"2513","1264"
"2514","1264"
"2515","1264"
"2516","1267"
"2517","1267"
"2518","1267"
"2519","654"
"2520","654"
"2521","654"
"2522","684"
"2523","684"
"2524","684"
"2525","1010"
"2526","1010"
"2527","1010"
"2528","1389"
"2529","1389"
"2530","1389"
"2531","1298"
"2532","1298"
"2533","1298"
"2534","209"
"2535","209"
"2536","209"
"2537","1271"
"2538","1271"
"2539","1271"
"2540","498"
"2541","498"
"2542","498"
"2543","1553"
"2544","1553"
"2545","1553"
"2546","1394"
"2547","1394"
"2548","1394"
"2549","1562"
"2550","1562"
"2551","1562"
"2552","725"
"2553","725"
"2554","725"
"2555","913"
"2556","913"
"2557","913"
"2558","1313"
"2559","1313"
"2560","1313"
"2561","1291"
"2562","1291"
"2563","1291"
"2564","709"
"2565","709"
"2566","774"
"2567","774"
"2568","774"
"2569","321"
"2570","321"
"2571","321"
"2572","1415"
"2573","1415"
"2574","1415"
"2575","24"
"2576","24"
"2577","24"
"2578","1182"
"2579","1182"
"2580","1182"
"2581","1240"
"2582","189"
"2583","189"
"2584","189"
"2585","505"
"2586","505"
"2587","505"
"2588","944"
"2589","944"
"2590","944"
"2591","1032"
"2592","1032"
"2593","1032"
"2594","1063"
"2595","1063"
"2596","1063"
"2597","1391"
"2598","1391"
"2599","1391"
"2600","180"
"2601","180"
"2602","180"
"2603","1476"
"2604","1476"
"2605","1476"
"2606","1371"
"2607","1371"
"2608","1371"
"2609","149"
"2610","149"
"2611","149"
"2612","1353"
"2613","1353"
"2614","1353"
"2615","1353"
"2616","1353"
"2617","1353"
"2618","753"
"2619","753"
"2620","753"
"2621","568"
"2622","568"
"2623","568"
"2624","466"
"2625","663"
"2626","663"
"2627","663"
"2628","836"
"2629","836"
"2630","836"
"2631","1129"
"2632","1129"
"2633","1129"
"2634","1469"
"2635","1469"
"2636","1469"
"2637","441"
"2638","441"
"2639","441"
"2640","541"
"2641","541"
"2642","541"
"2643","676"
"2644","676"
"2645","676"
"2646","377"
"2647","377"
"2648","377"
"2649","1070"
"2650","1070"
"2651","1070"
"2652","1007"
"2653","1007"
"2654","1007"
"2655","1101"
"2656","1101"
"2657","1101"
"2658","771"
"2659","771"
"2660","771"
"2661","771"
"2662","771"
"2663","771"
"2664","1100"
"2665","1100"
"2666","1100"
"2667","264"
"2668","264"
"2669","264"
"2670","771"
"2671","771"
"2672","771"
"2673","1007"
"2674","1007"
"2675","1007"
"2676","24"
"2677","879"
"2678","879"
"2679","879"
"2680","578"
"2681","578"
"2682","24"
"2683","962"
"2684","962"
"2685","962"
"2686","196"
"2687","196"
"2688","196"
"2689","615"
"2690","615"
"2691","570"
"2692","570"
"2693","570"
"2694","570"
"2695","703"
"2696","703"
"2697","703"
"2698","525"
"2699","525"
"2700","525"
"2701","521"
"2702","521"
"2703","868"
"2704","868"
"2705","868"
"2706","748"
"2707","748"
"2708","748"
"2709","279"
"2710","279"
"2711","1081"
"2712","1081"
"2713","1081"
"2714","880"
"2715","880"
"2716","775"
"2717","775"
"2718","775"
"2719","401"
"2720","401"
"2721","401"
"2722","1104"
"2723","1104"
"2724","1104"
"2725","1485"
"2726","1485"
"2727","1485"
"2728","1346"
"2729","1346"
"2730","1346"
"2731","218"
"2732","218"
"2733","218"
"2734","1347"
"2735","1347"
"2736","1347"
"2737","52"
"2738","52"
"2739","52"
"2740","1510"
"2741","1510"
"2742","1510"
"2743","1042"
"2744","1042"
"2745","1042"
"2746","1122"
"2747","1122"
"2748","516"
"2749","516"
"2750","516"
"2751","1024"
"2752","1024"
"2753","1024"
"2754","1408"
"2755","1408"
"2756","1408"
"2757","1043"
"2758","1043"
"2759","1043"
"2760","1099"
"2761","1099"
"2762","1122"
"2763","1122"
"2764","1122"
"2765","1474"
"2766","1474"
"2767","1474"
"2768","1"
"2769","1"
"2770","1"
"2771","1"
"2772","1"
"2773","1"
"2774","1"
"2775","1"
"2776","1"
"2777","1"
"2778","1"
"2779","1"
"2780","1"
"2781","1"
"2782","1"
"2783","1"
"2784","1"
"2785","1"
"2786","1"
"2787","1"
"2788","1"
"2789","1"
"2790","781"
"2791","781"
"2792","545"
"2793","545"
"2794","910"
"2795","910"
"2796","378"
"2797","378"
"2798","17"
"2799","17"
"2800","1109"
"2801","1109"
"2802","181"
"2803","181"
"2804","1455"
"2805","1455"
"2806","1455"
"2807","1455"
"2808","1455"
"2809","1455"
"2810","1455"
"2811","1455"
"2812","1455"
"2813","1455"
"2814","1455"
"2815","1455"
"2816","1455"
"2817","1455"
"2818","1455"
"2819","1455"
"2820","1455"
"2821","1455"
"2822","1455"
"2823","1455"
"2824","1455"
"2825","1455"
"2826","1509"
"2827","1509"
"2828","1509"
"2829","1509"
"2830","1509"
"2831","1509"
"2832","1509"
"2833","1509"
"2834","1509"
"2835","1509"
"2836","1509"
"2837","1509"
"2838","1509"
"2839","1509"
"2840","1509"
"2841","1509"
"2842","1509"
"2843","1509"
"2844","1509"
"2845","1509"
"2846","1509"
"2847","1509"
"2848","1509"
"2849","1509"
"2850","1509"
"2851","1509"
"2852","1509"
"2853","1509"
"2854","1509"
"2855","1509"
"2856","1509"
"2857","1509"
"2858","1509"
"2859","1509"
"2860","1567"
"2861","1567"
"2862","1567"
"2863","1567"
"2864","1567"
"2865","1567"
"2866","1567"
"2867","1567"
"2868","1567"
"2869","1567"
"2870","1567"
"2871","1567"
"2872","1567"
"2873","1567"
"2874","1567"
"2875","1567"
"2876","1567"
"2877","1567"
"2878","1567"
"2879","1567"
"2880","1567"
"2881","1567"
"2882","1567"
"2883","1567"
"2884","698"
"2885","1072"
"2886","1072"
"2887","456"
"2888","652"
"2889","983"
"2890","1040"
"2891","1030"
"2892","398"
"2893","900"
"2894","722"
"2895","184"
"2896","712"
"2897","446"
"2898","1298"
"2899","904"
"2900","392"
"2901","682"
"2902","822"
"2903","1413"
"2904","161"
"2905","936"
"2906","936"
"2907","315"
"2908","1293"
"2909","1293"
"2910","1293"
"2911","1293"
"2912","1293"
"2913","1292"
"2914","1292"
"2915","1293"
"2916","1293"
"2917","1293"
"2918","1293"
"2919","1293"
"2920","1293"
"2921","1293"
"2922","1293"
"2923","1293"
"2924","1293"
"2925","1293"
"2926","862"
"2927","1355"
"2928","712"
"2929","744"
"2930","446"
"2931","1331"
"2932","1379"
"2933","1320"
"2934","1320"
"2935","1320"
"2936","589"
"2937","589"
"2938","589"
"2939","595"
"2940","595"
"2941","595"
"2942","682"
"2943","682"
"2944","682"
"2945","774"
"2946","774"
"2947","774"
"2948","1161"
"2949","1161"
"2950","1161"
"2951","1475"
"2952","1475"
"2953","1475"
"2954","437"
"2955","437"
"2956","437"
"2957","1010"
"2958","1010"
"2959","1010"
"2960","904"
"2961","904"
"2962","904"
"2963","392"
"2964","392"
"2965","392"
"2966","654"
"2967","654"
"2968","654"
"2969","1216"
"2970","1216"
"2971","1216"
"2972","1390"
"2973","1390"
"2974","1390"
"2975","577"
"2976","577"
"2977","577"
"2978","739"
"2979","739"
"2980","739"
"2981","516"
"2982","516"
"2983","516"
"2984","1359"
"2985","1359"
"2986","1359"
"2987","580"
"2988","580"
"2989","580"
"2990","591"
"2991","591"
"2992","591"
"2993","1353"
"2994","1353"
"2995","1353"
"2996","73"
"2997","73"
"2998","73"
"2999","1111"
"3000","1111"
"3001","1111"
"3002","887"
"3003","887"
"3004","887"
"3005","310"
"3006","310"
"3007","310"
"3008","1311"
"3009","827"
"3010","827"
"3011","827"
"3012","1054"
"3013","1054"
"3014","1054"
"3015","1369"
"3016","1369"
"3017","1369"
"3018","682"
"3019","682"
"3020","682"
"3021","1298"
"3022","1298"
"3023","1298"
"3024","1140"
"3025","1131"
"3026","1131"
"3027","1131"
"3028","753"
"3029","753"
"3030","753"
"3031","939"
"3032","939"
"3033","939"
"3034","384"
"3035","384"
"3036","384"
"3037","754"
"3038","754"
"3039","1273"
"3040","1273"
"3041","1273"
"3042","1196"
"3043","1196"
"3044","1196"
"3045","1122"
"3046","1122"
"3047","1122"
"3048","1273"
"3049","543"
"3050","543"
"3051","543"
"3052","1273"
"3053","1273"
"3054","1273"
"3055","626"
"3056","1547"
"3057","1547"
"3058","1547"
"3059","1427"
"3060","1427"
"3061","1427"
"3062","102"
"3063","102"
"3064","102"
"3065","34"
"3066","34"
"3067","34"
"3068","1238"
"3069","1238"
"3070","1238"
"3071","1385"
"3072","1385"
"3073","1385"
"3074","80"
"3075","518"
"3076","518"
"3077","518"
"3078","1013"
"3079","1013"
"3080","1013"
"3081","1389"
"3082","1389"
"3083","1389"
"3084","1049"
"3085","1049"
"3086","1049"
"3087","383"
"3088","383"
"3089","383"
"3090","519"
"3091","519"
"3092","519"
"3093","565"
"3094","565"
"3095","565"
"3096","80"
"3097","80"
"3098","208"
"3099","208"
"3100","208"
"3101","216"
"3102","216"
"3103","216"
"3104","803"
"3105","803"
"3106","803"
"3107","520"
"3108","520"
"3109","520"
"3110","1277"
"3111","1277"
"3112","1277"
"3113","748"
"3114","748"
"3115","748"
"3116","865"
"3117","865"
"3118","865"
"3119","1077"
"3120","1077"
"3121","1077"
"3122","1455"
"3123","1455"
"3124","1455"
"3125","64"
"3126","64"
"3127","64"
"3128","417"
"3129","417"
"3130","417"
"3131","1492"
"3132","1492"
"3133","1492"
"3134","228"
"3135","228"
"3136","228"
"3137","1534"
"3138","1534"
"3139","1534"
"3140","904"
"3141","904"
"3142","904"
"3143","382"
"3144","382"
"3145","382"
"3146","931"
"3147","931"
"3148","931"
"3149","1202"
"3150","1202"
"3151","1202"
"3152","659"
"3153","659"
"3154","659"
"3155","659"
"3156","56"
"3157","56"
"3158","56"
"3159","1157"
"3160","1157"
"3161","1157"
"3162","604"
"3163","604"
"3164","799"
"3165","799"
"3166","799"
"3167","1510"
"3168","1510"
"3169","1510"
"3170","1045"
"3171","263"
"3172","263"
"3173","263"
"3174","1224"
"3175","1224"
"3176","1224"
"3177","1377"
"3178","1377"
"3179","1377"
"3180","454"
"3181","454"
"3182","454"
"3183","965"
"3184","965"
"3185","965"
"3186","273"
"3187","273"
"3188","273"
"3189","193"
"3190","193"
"3191","193"
"3192","193"
"3193","237"
"3194","237"
"3195","237"
"3196","396"
"3197","396"
"3198","396"
"3199","396"
"3200","396"
"3201","396"
"3202","396"
"3203","396"
"3204","396"
"3205","396"
"3206","396"
"3207","396"
"3208","396"
"3209","396"
"3210","396"
"3211","396"
"3212","396"
"3213","396"
"3214","396"
"3215","239"
"3216","239"
"3217","239"
"3218","459"
"3219","459"
"3220","459"
"3221","508"
"3222","508"
"3223","508"
"3224","84"
"3225","84"
"3226","84"
"3227","1174"
"3228","1174"
"3229","1353"
"3230","1353"
"3231","1353"
"3232","1353"
"3233","1353"
"3234","1353"
"3235","1353"
"3236","1353"
"3237","1353"
"3238","1353"
"3239","1353"
"3240","1353"
"3241","1353"
"3242","1353"
"3243","1353"
"3244","1353"
"3245","1353"
"3246","1353"
"3247","1353"
"3248","1353"
"3249","1353"
"3250","1353"
"3251","1353"
"3252","1353"
"3253","1353"
"3254","1487"
"3255","748"
"3256","748"
"3257","748"
"3258","1329"
"3259","1233"
"3260","707"
"3261","310"
"3262","432"
"3263","933"
"3264","965"
"3265","1263"
"3266","1565"
"3267","1331"
"3268","1379"
"3269","1561"
"3270","1095"
"3271","813"
"3272","974"
"3273","886"
"3274","1125"
"3275","446"
"3276","1293"
"3277","1293"
"3278","1293"
"3279","1293"
"3280","1293"
"3281","1293"
"3282","1293"
"3283","1293"
"3284","1293"
"3285","1293"
"3286","1293"
"3287","1293"
"3288","1293"
"3289","1293"
"3290","1293"
"3291","1293"
"3292","1293"
"3293","1293"
"3294","1293"
"3295","1293"
"3296","1293"
"3297","1293"
"3298","1293"
"3299","1325"
"3300","1325"
"3301","1325"
"3302","757"
"3303","757"
"3304","757"
"3305","243"
"3306","243"
"3307","243"
"3308","1164"
"3309","1164"
"3310","1164"
"3311","629"
"3312","629"
"3313","629"
"3314","1270"
"3315","1270"
"3316","1270"
"3317","1526"
"3318","1526"
"3319","1526"
"3320","1320"
"3321","1320"
"3322","1320"
"3323","1158"
"3324","1158"
"3325","1158"
"3326","521"
"3327","521"
"3328","521"
"3329","1509"
"3330","1509"
"3331","1509"
"3332","490"
"3333","490"
"3334","490"
"3335","1412"
"3336","1412"
"3337","1412"
"3338","773"
"3339","827"
"3340","827"
"3341","827"
"3342","1041"
"3343","1041"
"3344","1041"
"3345","1366"
"3346","1366"
"3347","1366"
"3348","1543"
"3349","1543"
"3350","1543"
"3351","655"
"3352","655"
"3353","655"
"3354","887"
"3355","685"
"3356","1141"
"3357","1141"
"3358","1141"
"3359","390"
"3360","390"
"3361","390"
"3362","504"
"3363","504"
"3364","504"
"3365","1113"
"3366","1113"
"3367","1113"
"3368","23"
"3369","23"
"3370","23"
"3371","591"
"3372","591"
"3373","591"
"3374","73"
"3375","73"
"3376","73"
"3377","1087"
"3378","1087"
"3379","1087"
"3380","577"
"3381","577"
"3382","577"
"3383","504"
"3384","504"
"3385","504"
"3386","1413"
"3387","1413"
"3388","1413"
"3389","823"
"3390","823"
"3391","823"
"3392","516"
"3393","516"
"3394","516"
"3395","1387"
"3396","1387"
"3397","1387"
"3398","1372"
"3399","1372"
"3400","1372"
"3401","148"
"3402","148"
"3403","148"
"3404","1372"
"3405","1372"
"3406","1372"
"3407","1353"
"3408","1353"
"3409","1353"
"3410","899"
"3411","899"
"3412","899"
"3413","1195"
"3414","1195"
"3415","1195"
"3416","834"
"3417","834"
"3418","834"
"3419","34"
"3420","34"
"3421","34"
"3422","1195"
"3423","1195"
"3424","1195"
"3425","73"
"3426","73"
"3427","73"
"3428","1273"
"3429","1273"
"3430","1273"
"3431","1047"
"3432","1047"
"3433","1499"
"3434","1499"
"3435","634"
"3436","634"
"3437","634"
"3438","69"
"3439","69"
"3440","69"
"3441","717"
"3442","634"
"3443","634"
"3444","511"
"3445","511"
"3446","511"
"3447","1256"
"3448","1256"
"3449","1256"
"3450","1013"
"3451","1013"
"3452","1013"
"3453","953"
"3454","953"
"3455","953"
"3456","797"
"3457","797"
"3458","797"
"3459","1481"
"3460","1481"
"3461","1481"
"3462","1389"
"3463","1389"
"3464","1389"
"3465","479"
"3466","479"
"3467","1282"
"3468","1282"
"3469","1282"
"3470","550"
"3471","550"
"3472","550"
"3473","63"
"3474","63"
"3475","63"
"3476","1281"
"3477","1281"
"3478","982"
"3479","982"
"3480","982"
"3481","1298"
"3482","1298"
"3483","1298"
"3484","401"
"3485","401"
"3486","401"
"3487","363"
"3488","363"
"3489","363"
"3490","946"
"3491","946"
"3492","946"
"3493","1493"
"3494","1493"
"3495","1493"
"3496","92"
"3497","92"
"3498","92"
"3499","726"
"3500","726"
"3501","726"
"3502","103"
"3503","103"
"3504","103"
"3505","209"
"3506","209"
"3507","209"
"3508","793"
"3509","793"
"3510","793"
"3511","938"
"3512","938"
"3513","938"
"3514","1081"
"3515","1081"
"3516","1081"
"3517","524"
"3518","524"
"3519","524"
"3520","868"
"3521","868"
"3522","868"
"3523","598"
"3524","598"
"3525","598"
"3526","748"
"3527","1201"
"3528","1201"
"3529","1201"
"3530","795"
"3531","795"
"3532","795"
"3533","705"
"3534","705"
"3535","705"
"3536","1376"
"3537","1376"
"3538","1376"
"3539","220"
"3540","220"
"3541","220"
"3542","854"
"3543","854"
"3544","854"
"3545","1554"
"3546","1554"
"3547","832"
"3548","832"
"3549","832"
"3550","1440"
"3551","1440"
"3552","1440"
"3553","1241"
"3554","1241"
"3555","1241"
"3556","1336"
"3557","1336"
"3558","1336"
"3559","880"
"3560","880"
"3561","880"
"3562","659"
"3563","659"
"3564","659"
"3565","1349"
"3566","1349"
"3567","1349"
"3568","1157"
"3569","1157"
"3570","1157"
"3571","549"
"3572","549"
"3573","549"
"3574","1038"
"3575","1038"
"3576","1038"
"3577","55"
"3578","55"
"3579","55"
"3580","1510"
"3581","1510"
"3582","1320"
"3583","1320"
"3584","48"
"3585","48"
"3586","48"
"3587","310"
"3588","310"
"3589","140"
"3590","140"
"3591","140"
"3592","1564"
"3593","1564"
"3594","1564"
"3595","921"
"3596","921"
"3597","921"
"3598","257"
"3599","257"
"3600","257"
"3601","1301"
"3602","1301"
"3603","1301"
"3604","1285"
"3605","1285"
"3606","1285"
"3607","906"
"3608","906"
"3609","906"
"3610","931"
"3611","931"
"3612","931"
"3613","1183"
"3614","1183"
"3615","1183"
"3616","1419"
"3617","1419"
"3618","1419"
"3619","1171"
"3620","1171"
"3621","1171"
"3622","462"
"3623","462"
"3624","462"
"3625","813"
"3626","813"
"3627","813"
"3628","381"
"3629","381"
"3630","381"
"3631","239"
"3632","239"
"3633","239"
"3634","188"
"3635","188"
"3636","188"
"3637","486"
"3638","486"
"3639","486"
"3640","1108"
"3641","1108"
"3642","1108"
"3643","1245"
"3644","1245"
"3645","1245"
"3646","252"
"3647","252"
"3648","1126"
"3649","1126"
"3650","1126"
"3651","388"
"3652","388"
"3653","388"
"3654","388"
"3655","388"
"3656","388"
"3657","388"
"3658","388"
"3659","388"
"3660","388"
"3661","388"
"3662","1364"
"3663","1364"
"3664","1364"
"3665","1364"
"3666","1364"
"3667","1364"
"3668","1364"
"3669","1364"
"3670","1364"
"3671","1364"
"3672","1364"
"3673","1364"
"3674","1364"
"3675","1364"
"3676","1364"
"3677","1364"
"3678","1364"
"3679","1364"
"3680","1364"
"3681","1364"
"3682","1364"
"3683","1364"
"3684","1364"
"3685","1364"
"3686","1364"
"3687","1364"
"3688","1364"
"3689","1364"
"3690","1364"
"3691","1364"
"3692","1364"
"3693","1364"
"3694","1364"
"3695","1364"
"3696","1364"
"3697","1364"
"3698","1364"
"3699","91"
"3700","1230"
"3701","1230"
"3702","1059"
"3703","47"
"3704","364"
"3705","651"
"3706","1455"
"3707","963"
"3708","684"
"3709","588"
"3710","1059"
"3711","1205"
"3712","132"
"3713","709"
"3714","1431"
"3715","595"
"3716","1177"
"3717","169"
"3718","1267"
"3719","1422"
"3720","863"
"3721","898"
"3722","1555"
"3723","455"
"3724","403"
"3725","73"
"3726","256"
"3727","256"
"3728","256"
"3729","622"
"3730","310"
"3731","310"
"3732","1230"
"3733","1293"
"3734","1293"
"3735","1293"
"3736","1293"
"3737","1293"
"3738","1293"
"3739","1293"
"3740","1293"
"3741","1293"
"3742","1293"
"3743","316"
"3744","316"
"3745","316"
"3746","316"
"3747","316"
"3748","316"
"3749","316"
"3750","1293"
"3751","1293"
"3752","1293"
"3753","1293"
"3754","1325"
"3755","1325"
"3756","1325"
"3757","1161"
"3758","1161"
"3759","773"
"3760","773"
"3761","773"
"3762","683"
"3763","683"
"3764","683"
"3765","1036"
"3766","1036"
"3767","1036"
"3768","320"
"3769","320"
"3770","320"
"3771","1398"
"3772","1398"
"3773","1398"
"3774","595"
"3775","595"
"3776","595"
"3777","381"
"3778","381"
"3779","381"
"3780","843"
"3781","843"
"3782","843"
"3783","1438"
"3784","1438"
"3785","651"
"3786","651"
"3787","651"
"3788","973"
"3789","973"
"3790","973"
"3791","653"
"3792","653"
"3793","653"
"3794","73"
"3795","73"
"3796","73"
"3797","516"
"3798","516"
"3799","516"
"3800","1403"
"3801","1403"
"3802","577"
"3803","577"
"3804","577"
"3805","195"
"3806","195"
"3807","195"
"3808","1139"
"3809","1139"
"3810","1139"
"3811","23"
"3812","23"
"3813","23"
"3814","282"
"3815","282"
"3816","282"
"3817","655"
"3818","655"
"3819","655"
"3820","667"
"3821","667"
"3822","667"
"3823","591"
"3824","591"
"3825","591"
"3826","1525"
"3827","1525"
"3828","1525"
"3829","1216"
"3830","1216"
"3831","223"
"3832","223"
"3833","223"
"3834","1403"
"3835","1403"
"3836","709"
"3837","709"
"3838","709"
"3839","1054"
"3840","1054"
"3841","1054"
"3842","444"
"3843","444"
"3844","73"
"3845","73"
"3846","73"
"3847","943"
"3848","943"
"3849","943"
"3850","753"
"3851","753"
"3852","753"
"3853","1200"
"3854","1200"
"3855","1512"
"3856","1512"
"3857","1512"
"3858","71"
"3859","71"
"3860","71"
"3861","135"
"3862","135"
"3863","135"
"3864","362"
"3865","362"
"3866","1512"
"3867","1512"
"3868","1512"
"3869","1376"
"3870","1376"
"3871","1376"
"3872","440"
"3873","440"
"3874","440"
"3875","748"
"3876","748"
"3877","868"
"3878","868"
"3879","868"
"3880","881"
"3881","1082"
"3882","1082"
"3883","163"
"3884","163"
"3885","287"
"3886","287"
"3887","1124"
"3888","1124"
"3889","1124"
"3890","847"
"3891","847"
"3892","474"
"3893","1283"
"3894","1283"
"3895","1283"
"3896","25"
"3897","25"
"3898","25"
"3899","566"
"3900","566"
"3901","566"
"3902","1096"
"3903","1096"
"3904","1096"
"3905","1401"
"3906","1401"
"3907","1401"
"3908","368"
"3909","368"
"3910","368"
"3911","307"
"3912","307"
"3913","307"
"3914","1203"
"3915","1203"
"3916","1203"
"3917","868"
"3918","868"
"3919","868"
"3920","127"
"3921","127"
"3922","127"
"3923","32"
"3924","32"
"3925","1527"
"3926","1527"
"3927","1527"
"3928","890"
"3929","890"
"3930","890"
"3931","414"
"3932","414"
"3933","414"
"3934","51"
"3935","51"
"3936","1202"
"3937","1202"
"3938","37"
"3939","37"
"3940","1242"
"3941","1242"
"3942","1242"
"3943","360"
"3944","1175"
"3945","1175"
"3946","1175"
"3947","50"
"3948","50"
"3949","50"
"3950","1491"
"3951","1491"
"3952","1425"
"3953","1425"
"3954","245"
"3955","245"
"3956","245"
"3957","548"
"3958","548"
"3959","548"
"3960","799"
"3961","799"
"3962","799"
"3963","1294"
"3964","1294"
"3965","1294"
"3966","1197"
"3967","1197"
"3968","1197"
"3969","1197"
"3970","1197"
"3971","760"
"3972","760"
"3973","760"
"3974","604"
"3975","604"
"3976","729"
"3977","729"
"3978","1297"
"3979","1297"
"3980","1297"
"3981","324"
"3982","324"
"3983","324"
"3984","73"
"3985","73"
"3986","73"
"3987","1509"
"3988","1509"
"3989","1509"
"3990","104"
"3991","104"
"3992","104"
"3993","1521"
"3994","1521"
"3995","394"
"3996","394"
"3997","394"
"3998","634"
"3999","634"
"4000","634"
"4001","542"
"4002","542"
"4003","542"
"4004","134"
"4005","134"
"4006","134"
"4007","976"
"4008","976"
"4009","976"
"4010","1362"
"4011","1362"
"4012","1362"
"4013","1048"
"4014","1048"
"4015","1048"
"4016","915"
"4017","915"
"4018","915"
"4019","400"
"4020","400"
"4021","400"
"4022","285"
"4023","285"
"4024","285"
"4025","194"
"4026","194"
"4027","194"
"4028","1546"
"4029","1546"
"4030","1546"
"4031","388"
"4032","388"
"4033","388"
"4034","388"
"4035","388"
"4036","388"
"4037","388"
"4038","388"
"4039","388"
"4040","388"
"4041","388"
"4042","388"
"4043","388"
"4044","388"
"4045","388"
"4046","388"
"4047","388"
"4048","388"
"4049","388"
"4050","388"
"4051","388"
"4052","388"
"4053","388"
"4054","388"
"4055","388"
"4056","388"
"4057","388"
"4058","388"
"4059","388"
"4060","388"
"4061","388"
"4062","388"
"4063","388"
"4064","388"
"4065","388"
"4066","388"
"4067","388"
"4068","388"
"4069","388"
"4070","388"
"4071","388"
"4072","388"
"4073","388"
"4074","388"
"4075","388"
"4076","388"
"4077","388"
"4078","388"
"4079","388"
"4080","388"
"4081","388"
"4082","388"
"4083","388"
"4084","388"
"4085","388"
"4086","820"
"4087","820"
"4088","820"
"4089","820"
"4090","820"
"4091","820"
"4092","820"
"4093","820"
"4094","820"
"4095","820"
"4096","820"
"4097","820"
"4098","820"
"4099","820"
"4100","820"
"4101","820"
"4102","820"
"4103","820"
"4104","820"
"4105","820"
"4106","820"
"4107","820"
"4108","820"
"4109","820"
"4110","820"
"4111","820"
"4112","820"
"4113","820"
"4114","780"
"4115","NA"
"4116","NA"
"4117","NA"
"4118","NA"
"4119","NA"
"4120","NA"
"4121","NA"
"4122","NA"
"4123","NA"
"4124","NA"
"4125","NA"
"4126","NA"
"4127","NA"
"4128","NA"
"4129","NA"
"4130","NA"
"4131","NA"
"4132","NA"
"4133","NA"
"4134","NA"
"4135","1177"
"4136","177"
"4137","862"
"4138","1270"
"4139","733"
"4140","107"
"4141","904"
"4142","1427"
"4143","595"
"4144","1244"
"4145","1341"
"4146","974"
"4147","1341"
"4148","1244"
"4149","181"
"4150","839"
"4151","1558"
"4152","139"
"4153","1454"
"4154","1454"
"4155","1013"
"4156","1064"
"4157","1064"
"4158","1013"
"4159","1013"
"4160","1013"
"4161","887"
"4162","887"
"4163","887"
"4164","569"
"4165","569"
"4166","569"
"4167","73"
"4168","73"
"4169","73"
"4170","1222"
"4171","1222"
"4172","1222"
"4173","370"
"4174","370"
"4175","370"
"4176","665"
"4177","665"
"4178","665"
"4179","660"
"4180","385"
"4181","385"
"4182","385"
"4183","23"
"4184","23"
"4185","23"
"4186","1353"
"4187","1353"
"4188","1353"
"4189","325"
"4190","325"
"4191","325"
"4192","758"
"4193","758"
"4194","758"
"4195","753"
"4196","753"
"4197","753"
"4198","1113"
"4199","1113"
"4200","1113"
"4201","675"
"4202","675"
"4203","675"
"4204","1012"
"4205","1012"
"4206","1012"
"4207","467"
"4208","467"
"4209","73"
"4210","1037"
"4211","1037"
"4212","1037"
"4213","1537"
"4214","1537"
"4215","1537"
"4216","1422"
"4217","1422"
"4218","1422"
"4219","243"
"4220","243"
"4221","243"
"4222","444"
"4223","444"
"4224","444"
"4225","1075"
"4226","1075"
"4227","1075"
"4228","477"
"4229","477"
"4230","477"
"4231","353"
"4232","353"
"4233","353"
"4234","122"
"4235","122"
"4236","122"
"4237","1177"
"4238","1177"
"4239","1177"
"4240","1323"
"4241","1323"
"4242","1323"
"4243","290"
"4244","290"
"4245","290"
"4246","1320"
"4247","1320"
"4248","1320"
"4249","1195"
"4250","1172"
"4251","1172"
"4252","1172"
"4253","628"
"4254","628"
"4255","628"
"4256","1470"
"4257","1470"
"4258","1470"
"4259","433"
"4260","433"
"4261","433"
"4262","1195"
"4263","1195"
"4264","1195"
"4265","1195"
"4266","1195"
"4267","1195"
"4268","266"
"4269","266"
"4270","266"
"4271","954"
"4272","954"
"4273","1316"
"4274","1316"
"4275","1316"
"4276","225"
"4277","225"
"4278","225"
"4279","984"
"4280","984"
"4281","1201"
"4282","1201"
"4283","1201"
"4284","412"
"4285","412"
"4286","412"
"4287","821"
"4288","821"
"4289","821"
"4290","356"
"4291","984"
"4292","1079"
"4293","1079"
"4294","1079"
"4295","1488"
"4296","1488"
"4297","1127"
"4298","1127"
"4299","1127"
"4300","1367"
"4301","1367"
"4302","1367"
"4303","559"
"4304","559"
"4305","559"
"4306","419"
"4307","419"
"4308","419"
"4309","929"
"4310","929"
"4311","929"
"4312","199"
"4313","199"
"4314","199"
"4315","923"
"4316","923"
"4317","602"
"4318","602"
"4319","602"
"4320","1050"
"4321","1050"
"4322","1050"
"4323","1402"
"4324","1402"
"4325","1402"
"4326","368"
"4327","368"
"4328","368"
"4329","1330"
"4330","1330"
"4331","1330"
"4332","1283"
"4333","1283"
"4334","1283"
"4335","748"
"4336","748"
"4337","748"
"4338","309"
"4339","309"
"4340","309"
"4341","797"
"4342","797"
"4343","797"
"4344","1278"
"4345","1278"
"4346","1278"
"4347","1451"
"4348","1451"
"4349","1451"
"4350","866"
"4351","866"
"4352","866"
"4353","1081"
"4354","1081"
"4355","1081"
"4356","644"
"4357","644"
"4358","748"
"4359","748"
"4360","748"
"4361","561"
"4362","561"
"4363","561"
"4364","1164"
"4365","1164"
"4366","1164"
"4367","1164"
"4368","1164"
"4369","1164"
"4370","718"
"4371","718"
"4372","1055"
"4373","1055"
"4374","1055"
"4375","544"
"4376","544"
"4377","544"
"4378","1161"
"4379","1161"
"4380","1161"
"4381","709"
"4382","709"
"4383","709"
"4384","504"
"4385","504"
"4386","504"
"4387","86"
"4388","86"
"4389","86"
"4390","834"
"4391","159"
"4392","159"
"4393","159"
"4394","1374"
"4395","1374"
"4396","1103"
"4397","1103"
"4398","1103"
"4399","548"
"4400","548"
"4401","548"
"4402","760"
"4403","760"
"4404","760"
"4405","56"
"4406","56"
"4407","1510"
"4408","1510"
"4409","1510"
"4410","183"
"4411","183"
"4412","183"
"4413","1552"
"4414","1552"
"4415","1552"
"4416","728"
"4417","728"
"4418","728"
"4419","1044"
"4420","1044"
"4421","1044"
"4422","856"
"4423","856"
"4424","856"
"4425","96"
"4426","96"
"4427","96"
"4428","913"
"4429","913"
"4430","913"
"4431","274"
"4432","274"
"4433","1436"
"4434","1436"
"4435","1436"
"4436","1563"
"4437","1563"
"4438","1563"
"4439","222"
"4440","222"
"4441","222"
"4442","446"
"4443","446"
"4444","941"
"4445","46"
"4446","46"
"4447","46"
"4448","46"
"4449","46"
"4450","941"
"4451","941"
"4452","941"
"4453","941"
"4454","941"
"4455","46"
"4456","46"
"4457","46"
"4458","46"
"4459","46"
"4460","941"
"4461","941"
"4462","941"
"4463","941"
"4464","941"
"4465","941"
"4466","941"
"4467","941"
"4468","941"
"4469","941"
"4470","941"
"4471","941"
"4472","941"
"4473","941"
"4474","941"
"4475","941"
"4476","941"
"4477","941"
"4478","941"
"4479","941"
"4480","1246"
"4481","1246"
"4482","1246"
"4483","1246"
"4484","1246"
"4485","1246"
"4486","1246"
"4487","1246"
"4488","1246"
"4489","1246"
"4490","1246"
"4491","1246"
"4492","1246"
"4493","1246"
"4494","1246"
"4495","1246"
"4496","1246"
"4497","1246"
"4498","1246"
"4499","1246"
"4500","1246"
"4501","1246"
"4502","1246"
"4503","1246"
"4504","1246"
"4505","1246"
"4506","1246"
"4507","1246"
"4508","1246"
"4509","1246"
"4510","1246"
"4511","1246"
"4512","1246"
"4513","1246"
"4514","1246"
"4515","1246"
"4516","1393"
"4517","1393"
"4518","1393"
"4519","969"
"4520","969"
"4521","969"
"4522","211"
"4523","211"
"4524","991"
"4525","991"
"4526","819"
"4527","819"
"4528","819"
"4529","811"
"4530","NA"
"4531","NA"
"4532","NA"
"4533","NA"
"4534","NA"
"4535","NA"
"4536","NA"
"4537","NA"
"4538","NA"
"4539","NA"
"4540","NA"
"4541","NA"
"4542","NA"
"4543","NA"
"4544","NA"
"4545","NA"
"4546","NA"
"4547","NA"
"4548","NA"
"4549","NA"
"4550","NA"
"4551","NA"
"4552","46"
"4553","46"
"4554","46"
"4555","46"
"4556","46"
"4557","46"
"4558","73"
"4559","73"
"4560","73"
"4561","73"
"4562","46"
"4563","46"
"4564","46"
"4565","46"
"4566","73"
"4567","73"
"4568","73"
"4569","46"
"4570","46"
"4571","46"
"4572","46"
"4573","46"
"4574","46"
"4575","46"
"4576","46"
"4577","46"
"4578","46"
"4579","46"
"4580","46"
"4581","46"
"4582","46"
"4583","46"
"4584","46"
"4585","46"
"4586","46"
"4587","46"
"4588","46"
"4589","46"
"4590","46"
"4591","46"
"4592","46"
"4593","46"
"4594","46"
"4595","46"
"4596","1004"
"4597","1004"
"4598","1330"
"4599","1455"
"4600","1161"
"4601","757"
"4602","446"
"4603","171"
"4604","1232"
"4605","289"
"4606","1537"
"4607","342"
"4608","342"
"4609","342"
"4610","1195"
"4611","1195"
"4612","1195"
"4613","224"
"4614","224"
"4615","224"
"4616","224"
"4617","892"
"4618","892"
"4619","892"
"4620","993"
"4621","993"
"4622","993"
"4623","1016"
"4624","1016"
"4625","1016"
"4626","1571"
"4627","1571"
"4628","1571"
"4629","1266"
"4630","1266"
"4631","1266"
"4632","1414"
"4633","1414"
"4634","1414"
"4635","1161"
"4636","1161"
"4637","1161"
"4638","1320"
"4639","1320"
"4640","1320"
"4641","173"
"4642","173"
"4643","173"
"4644","240"
"4645","240"
"4646","240"
"4647","134"
"4648","134"
"4649","134"
"4650","299"
"4651","299"
"4652","299"
"4653","1368"
"4654","1368"
"4655","1368"
"4656","751"
"4657","751"
"4658","751"
"4659","515"
"4660","515"
"4661","515"
"4662","666"
"4663","666"
"4664","666"
"4665","335"
"4666","335"
"4667","335"
"4668","412"
"4669","666"
"4670","666"
"4671","666"
"4672","183"
"4673","183"
"4674","183"
"4675","1010"
"4676","1010"
"4677","1010"
"4678","660"
"4679","660"
"4680","660"
"4681","660"
"4682","660"
"4683","660"
"4684","472"
"4685","472"
"4686","472"
"4687","472"
"4688","472"
"4689","121"
"4690","121"
"4691","121"
"4692","1513"
"4693","1513"
"4694","1513"
"4695","1436"
"4696","1436"
"4697","595"
"4698","595"
"4699","595"
"4700","595"
"4701","595"
"4702","595"
"4703","595"
"4704","595"
"4705","595"
"4706","595"
"4707","595"
"4708","595"
"4709","595"
"4710","595"
"4711","595"
"4712","595"
"4713","595"
"4714","595"
"4715","595"
"4716","595"
"4717","595"
"4718","595"
"4719","595"
"4720","595"
"4721","595"
"4722","595"
"4723","595"
"4724","595"
"4725","595"
"4726","595"
"4727","595"
"4728","595"
"4729","595"
"4730","595"
"4731","595"
"4732","595"
"4733","595"
"4734","595"
"4735","595"
"4736","595"
"4737","595"
"4738","595"
"4739","595"
"4740","595"
"4741","595"
"4742","595"
"4743","595"
"4744","595"
"4745","595"
"4746","595"
"4747","595"
"4748","1283"
"4749","1283"
"4750","1283"
"4751","479"
"4752","479"
"4753","479"
"4754","1064"
"4755","1064"
"4756","1064"
"4757","967"
"4758","967"
"4759","967"
"4760","26"
"4761","26"
"4762","26"
"4763","1451"
"4764","1451"
"4765","1451"
"4766","18"
"4767","18"
"4768","1549"
"4769","1549"
"4770","1549"
"4771","1328"
"4772","1328"
"4773","1328"
"4774","1338"
"4775","684"
"4776","479"
"4777","780"
"4778","618"
"4779","684"
"4780","1178"
"4781","1314"
"4782","1314"
"4783","165"
"4784","929"
"4785","929"
"4786","929"
"4787","1567"
"4788","1567"
"4789","1567"
"4790","513"
"4791","513"
"4792","41"
"4793","41"
"4794","849"
"4795","849"
"4796","849"
"4797","1226"
"4798","1226"
"4799","1226"
"4800","1567"
"4801","1567"
"4802","1567"
"4803","664"
"4804","664"
"4805","664"
"4806","426"
"4807","426"
"4808","426"
"4809","645"
"4810","645"
"4811","645"
"4812","1085"
"4813","1085"
"4814","1085"
"4815","748"
"4816","748"
"4817","748"
"4818","1375"
"4819","645"
"4820","645"
"4821","645"
"4822","716"
"4823","716"
"4824","716"
"4825","246"
"4826","246"
"4827","246"
"4828","866"
"4829","866"
"4830","866"
"4831","1375"
"4832","1375"
"4833","1375"
"4834","866"
"4835","866"
"4836","866"
"4837","1375"
"4838","1375"
"4839","1375"
"4840","561"
"4841","561"
"4842","551"
"4843","551"
"4844","551"
"4845","768"
"4846","768"
"4847","768"
"4848","1436"
"4849","1436"
"4850","1436"
"4851","1057"
"4852","1057"
"4853","1057"
"4854","1308"
"4855","1308"
"4856","1308"
"4857","139"
"4858","139"
"4859","139"
"4860","896"
"4861","896"
"4862","896"
"4863","821"
"4864","821"
"4865","275"
"4866","275"
"4867","275"
"4868","1310"
"4869","1173"
"4870","1173"
"4871","1173"
"4872","1118"
"4873","1118"
"4874","1118"
"4875","79"
"4876","79"
"4877","79"
"4878","1195"
"4879","1195"
"4880","1195"
"4881","73"
"4882","73"
"4883","73"
"4884","434"
"4885","434"
"4886","442"
"4887","442"
"4888","442"
"4889","426"
"4890","426"
"4891","426"
"4892","904"
"4893","904"
"4894","904"
"4895","815"
"4896","815"
"4897","815"
"4898","1427"
"4899","1427"
"4900","1427"
"4901","1095"
"4902","1095"
"4903","1095"
"4904","753"
"4905","753"
"4906","753"
"4907","777"
"4908","777"
"4909","777"
"4910","1113"
"4911","1113"
"4912","1113"
"4913","815"
"4914","815"
"4915","815"
"4916","73"
"4917","815"
"4918","815"
"4919","815"
"4920","777"
"4921","777"
"4922","777"
"4923","205"
"4924","205"
"4925","205"
"4926","887"
"4927","887"
"4928","887"
"4929","325"
"4930","325"
"4931","325"
"4932","996"
"4933","996"
"4934","359"
"4935","359"
"4936","359"
"4937","1573"
"4938","1573"
"4939","1573"
"4940","937"
"4941","937"
"4942","937"
"4943","1103"
"4944","1103"
"4945","1103"
"4946","159"
"4947","159"
"4948","159"
"4949","1435"
"4950","1435"
"4951","1435"
"4952","728"
"4953","728"
"4954","728"
"4955","1191"
"4956","1191"
"4957","1191"
"4958","1191"
"4959","604"
"4960","604"
"4961","604"
"4962","21"
"4963","21"
"4964","21"
"4965","706"
"4966","706"
"4967","706"
"4968","1295"
"4969","1295"
"4970","1295"
"4971","595"
"4972","595"
"4973","595"
"4974","165"
"4975","165"
"4976","165"
"4977","165"
"4978","137"
"4979","137"
"4980","137"
"4981","245"
"4982","245"
"4983","245"
"4984","544"
"4985","544"
"4986","544"
"4987","1570"
"4988","1570"
"4989","1570"
"4990","730"
"4991","730"
"4992","730"
"4993","1536"
"4994","1536"
"4995","1536"
"4996","1520"
"4997","1520"
"4998","825"
"4999","825"
"5000","825"
"5001","614"
"5002","614"
"5003","1168"
"5004","941"
"5005","1320"
"5006","1320"
"5007","1320"
"5008","1323"
"5009","1323"
"5010","1323"
"5011","446"
"5012","446"
"5013","446"
"5014","446"
"5015","444"
"5016","444"
"5017","444"
"5018","1320"
"5019","1320"
"5020","1320"
"5021","1177"
"5022","1177"
"5023","1177"
"5024","1422"
"5025","1422"
"5026","1422"
"5027","609"
"5028","609"
"5029","609"
"5030","619"
"5031","619"
"5032","619"
"5033","1136"
"5034","1136"
"5035","1136"
"5036","1136"
"5037","720"
"5038","49"
"5039","1429"
"5040","1459"
"5041","242"
"5042","181"
"5043","130"
"5044","122"
"5045","682"
"5046","682"
"5047","682"
"5048","1262"
"5049","1262"
"5050","1262"
"5051","1137"
"5052","1137"
"5053","1137"
"5054","1324"
"5055","1324"
"5056","1324"
"5057","446"
"5058","446"
"5059","446"
"5060","773"
"5061","773"
"5062","773"
"5063","972"
"5064","972"
"5065","972"
"5066","1029"
"5067","1029"
"5068","1029"
"5069","230"
"5070","230"
"5071","230"
"5072","1136"
"5073","1136"
"5074","1136"
"5075","1161"
"5076","1161"
"5077","1161"
"5078","354"
"5079","354"
"5080","354"
"5081","171"
"5082","171"
"5083","171"
"5084","1330"
"5085","1330"
"5086","1330"
"5087","1451"
"5088","1451"
"5089","967"
"5090","967"
"5091","967"
"5092","1065"
"5093","1065"
"5094","1065"
"5095","368"
"5096","368"
"5097","368"
"5098","1468"
"5099","1468"
"5100","1468"
"5101","1010"
"5102","1010"
"5103","1010"
"5104","1283"
"5105","1283"
"5106","1283"
"5107","1013"
"5108","1013"
"5109","1013"
"5110","28"
"5111","28"
"5112","28"
"5113","1480"
"5114","1480"
"5115","1480"
"5116","1544"
"5117","1544"
"5118","1544"
"5119","1121"
"5120","1121"
"5121","1121"
"5122","1145"
"5123","1145"
"5124","1145"
"5125","100"
"5126","100"
"5127","100"
"5128","494"
"5129","494"
"5130","494"
"5131","162"
"5132","162"
"5133","162"
"5134","162"
"5135","229"
"5136","229"
"5137","229"
"5138","66"
"5139","66"
"5140","66"
"5141","958"
"5142","958"
"5143","958"
"5144","1191"
"5145","1191"
"5146","1191"
"5147","1471"
"5148","1471"
"5149","1471"
"5150","594"
"5151","594"
"5152","594"
"5153","233"
"5154","233"
"5155","369"
"5156","369"
"5157","369"
"5158","907"
"5159","907"
"5160","980"
"5161","980"
"5162","980"
"5163","1373"
"5164","1373"
"5165","1464"
"5166","1464"
"5167","1506"
"5168","1506"
"5169","599"
"5170","599"
"5171","599"
"5172","1065"
"5173","1065"
"5174","571"
"5175","571"
"5176","571"
"5177","361"
"5178","361"
"5179","361"
"5180","1217"
"5181","1217"
"5182","1217"
"5183","1386"
"5184","1386"
"5185","1386"
"5186","472"
"5187","472"
"5188","472"
"5189","734"
"5190","734"
"5191","734"
"5192","1019"
"5193","1019"
"5194","658"
"5195","658"
"5196","658"
"5197","815"
"5198","815"
"5199","815"
"5200","975"
"5201","975"
"5202","975"
"5203","960"
"5204","960"
"5205","960"
"5206","1231"
"5207","1231"
"5208","575"
"5209","23"
"5210","575"
"5211","575"
"5212","575"
"5213","1254"
"5214","3"
"5215","3"
"5216","3"
"5217","866"
"5218","1084"
"5219","1084"
"5220","1084"
"5221","866"
"5222","866"
"5223","866"
"5224","188"
"5225","188"
"5226","188"
"5227","552"
"5228","552"
"5229","552"
"5230","748"
"5231","716"
"5232","716"
"5233","716"
"5234","70"
"5235","70"
"5236","70"
"5237","526"
"5238","526"
"5239","526"
"5240","1375"
"5241","1375"
"5242","1375"
"5243","98"
"5244","98"
"5245","98"
"5246","98"
"5247","561"
"5248","561"
"5249","561"
"5250","NA"
"5251","NA"
"5252","NA"
"5253","NA"
"5254","NA"
"5255","119"
"5256","119"
"5257","119"
"5258","495"
"5259","495"
"5260","495"
"5261","955"
"5262","955"
"5263","75"
"5264","75"
"5265","75"
"5266","119"
"5267","119"
"5268","119"
"5269","762"
"5270","504"
"5271","504"
"5272","504"
"5273","981"
"5274","981"
"5275","981"
"5276","809"
"5277","809"
"5278","809"
"5279","1353"
"5280","1524"
"5281","1524"
"5282","1524"
"5283","67"
"5284","67"
"5285","67"
"5286","491"
"5287","491"
"5288","491"
"5289","1169"
"5290","1169"
"5291","1169"
"5292","859"
"5293","859"
"5294","859"
"5295","325"
"5296","325"
"5297","325"
"5298","1349"
"5299","1349"
"5300","1349"
"5301","1434"
"5302","1434"
"5303","1434"
"5304","290"
"5305","290"
"5306","290"
"5307","958"
"5308","958"
"5309","958"
"5310","907"
"5311","907"
"5312","907"
"5313","959"
"5314","959"
"5315","959"
"5316","528"
"5317","528"
"5318","68"
"5319","68"
"5320","68"
"5321","1508"
"5322","1508"
"5323","1508"
"5324","1508"
"5325","1508"
"5326","929"
"5327","929"
"5328","929"
"5329","85"
"5330","85"
"5331","85"
"5332","143"
"5333","143"
"5334","143"
"5335","655"
"5336","655"
"5337","655"
"5338","1254"
"5339","1254"
"5340","1254"
"5341","1138"
"5342","1138"
"5343","1138"
"5344","593"
"5345","593"
"5346","593"
"5347","1046"
"5348","1046"
"5349","1046"
"5350","1046"
"5351","75"
"5352","75"
"5353","75"
"5354","75"
"5355","75"
"5356","75"
"5357","75"
"5358","75"
"5359","1078"
"5360","1078"
"5361","1078"
"5362","1078"
"5363","1078"
"5364","1078"
"5365","1078"
"5366","923"
"5367","923"
"5368","923"
"5369","923"
"5370","923"
"5371","923"
"5372","923"
"5373","46"
"5374","46"
"5375","46"
"5376","46"
"5377","46"
"5378","46"
"5379","46"
"5380","75"
"5381","1084"
"5382","23"
"5383","23"
"5384","171"
"5385","171"
"5386","171"
"5387","171"
"5388","171"
"5389","171"
"5390","171"
"5391","171"
"5392","171"
"5393","171"
"5394","171"
"5395","171"
"5396","171"
"5397","171"
"5398","171"
"5399","171"
"5400","171"
"5401","171"
"5402","171"
"5403","1506"
"5404","1506"
"5405","1506"
"5406","1506"
"5407","1506"
"5408","1506"
"5409","1506"
"5410","1506"
"5411","1506"
"5412","1506"
"5413","1506"
"5414","1506"
"5415","1506"
"5416","1506"
"5417","1506"
"5418","1506"
"5419","1506"
"5420","1506"
"5421","1506"
"5422","1506"
"5423","1506"
"5424","1506"
"5425","1506"
"5426","1094"
"5427","1094"
"5428","1094"
"5429","1094"
"5430","1094"
"5431","1094"
"5432","1094"
"5433","1094"
"5434","1094"
"5435","1094"
"5436","1094"
"5437","1094"
"5438","1094"
"5439","1094"
"5440","1094"
"5441","1094"
"5442","1094"
"5443","1094"
"5444","1094"
"5445","1094"
"5446","1094"
"5447","1094"
"5448","1094"
"5449","1094"
"5450","249"
"5451","249"
"5452","249"
"5453","249"
"5454","249"
"5455","249"
"5456","249"
"5457","249"
"5458","249"
"5459","249"
"5460","249"
"5461","249"
"5462","249"
"5463","249"
"5464","249"
"5465","249"
"5466","249"
"5467","249"
"5468","249"
"5469","249"
"5470","249"
"5471","249"
"5472","249"
"5473","249"
"5474","249"
"5475","370"
"5476","370"
"5477","1411"
"5478","1411"
"5479","467"
"5480","467"
"5481","467"
"5482","957"
"5483","957"
"5484","957"
"5485","131"
"5486","1254"
"5487","1254"
"5488","1254"
"5489","1139"
"5490","1139"
"5491","1139"
"5492","370"
"5493","370"
"5494","370"
"5495","1135"
"5496","1135"
"5497","1135"
"5498","23"
"5499","23"
"5500","23"
"5501","1088"
"5502","1088"
"5503","1088"
"5504","1374"
"5505","1374"
"5506","1374"
"5507","NA"
"5508","NA"
"5509","NA"
"5510","NA"
"5511","NA"
"5512","NA"
"5513","NA"
"5514","NA"
"5515","NA"
"5516","NA"
"5517","NA"
"5518","NA"
"5519","NA"
"5520","NA"
"5521","NA"
"5522","NA"
"5523","NA"
"5524","NA"
"5525","NA"
"5526","NA"
"5527","NA"
"5528","NA"
"5529","NA"
"5530","NA"
"5531","NA"
"5532","NA"
"5533","NA"
"5534","1195"
"5535","1195"
"5536","1195"
"5537","1195"
"5538","610"
"5539","610"
"5540","610"
"5541","1379"
"5542","1379"
"5543","1379"
"5544","446"
"5545","446"
"5546","446"
"5547","690"
"5548","690"
"5549","690"
"5550","444"
"5551","444"
"5552","444"
"5553","553"
"5554","553"
"5555","553"
"5556","636"
"5557","636"
"5558","636"
"5559","651"
"5560","1468"
"5561","1468"
"5562","1468"
"5563","904"
"5564","122"
"5565","240"
"5566","1177"
"5567","1538"
"5568","870"
"5569","1353"
"5570","1468"
"5571","1567"
"5572","1097"
"5573","1459"
"5574","449"
"5575","179"
"5576","595"
"5577","595"
"5578","595"
"5579","444"
"5580","444"
"5581","444"
"5582","1437"
"5583","1437"
"5584","1437"
"5585","720"
"5586","720"
"5587","720"
"5588","1541"
"5589","1541"
"5590","1541"
"5591","490"
"5592","490"
"5593","490"
"5594","122"
"5595","122"
"5596","122"
"5597","773"
"5598","773"
"5599","773"
"5600","720"
"5601","720"
"5602","720"
"5603","1422"
"5604","1422"
"5605","1422"
"5606","709"
"5607","709"
"5608","709"
"5609","243"
"5610","243"
"5611","243"
"5612","15"
"5613","15"
"5614","15"
"5615","1545"
"5616","1545"
"5617","1545"
"5618","1422"
"5619","1422"
"5620","1422"
"5621","719"
"5622","719"
"5623","719"
"5624","596"
"5625","596"
"5626","596"
"5627","265"
"5628","265"
"5629","265"
"5630","600"
"5631","600"
"5632","600"
"5633","610"
"5634","610"
"5635","610"
"5636","1306"
"5637","1306"
"5638","1306"
"5639","75"
"5640","740"
"5641","740"
"5642","740"
"5643","1084"
"5644","1084"
"5645","1084"
"5646","1261"
"5647","1261"
"5648","1261"
"5649","1353"
"5650","217"
"5651","217"
"5652","217"
"5653","527"
"5654","527"
"5655","527"
"5656","23"
"5657","23"
"5658","23"
"5659","205"
"5660","205"
"5661","205"
"5662","1069"
"5663","1069"
"5664","1069"
"5665","917"
"5666","917"
"5667","917"
"5668","1008"
"5669","1008"
"5670","607"
"5671","607"
"5672","607"
"5673","537"
"5674","537"
"5675","537"
"5676","1239"
"5677","1239"
"5678","1239"
"5679","769"
"5680","769"
"5681","769"
"5682","1504"
"5683","1504"
"5684","1519"
"5685","1519"
"5686","1519"
"5687","77"
"5688","77"
"5689","77"
"5690","916"
"5691","916"
"5692","916"
"5693","122"
"5694","122"
"5695","122"
"5696","427"
"5697","427"
"5698","231"
"5699","231"
"5700","93"
"5701","93"
"5702","764"
"5703","764"
"5704","764"
"5705","551"
"5706","551"
"5707","551"
"5708","767"
"5709","767"
"5710","767"
"5711","65"
"5712","65"
"5713","65"
"5714","387"
"5715","387"
"5716","428"
"5717","428"
"5718","428"
"5719","1454"
"5720","1454"
"5721","1454"
"5722","903"
"5723","903"
"5724","903"
"5725","1229"
"5726","1229"
"5727","1229"
"5728","202"
"5729","202"
"5730","202"
"5731","1106"
"5732","1106"
"5733","1106"
"5734","27"
"5735","27"
"5736","406"
"5737","406"
"5738","406"
"5739","533"
"5740","533"
"5741","533"
"5742","670"
"5743","670"
"5744","670"
"5745","967"
"5746","967"
"5747","967"
"5748","1080"
"5749","1080"
"5750","1080"
"5751","1300"
"5752","1300"
"5753","1300"
"5754","1150"
"5755","1150"
"5756","840"
"5757","840"
"5758","840"
"5759","359"
"5760","359"
"5761","359"
"5762","290"
"5763","290"
"5764","290"
"5765","416"
"5766","416"
"5767","416"
"5768","1349"
"5769","1349"
"5770","1349"
"5771","85"
"5772","85"
"5773","85"
"5774","611"
"5775","611"
"5776","611"
"5777","240"
"5778","240"
"5779","240"
"5780","628"
"5781","628"
"5782","628"
"5783","628"
"5784","628"
"5785","628"
"5786","286"
"5787","286"
"5788","286"
"5789","1207"
"5790","1207"
"5791","1207"
"5792","380"
"5793","380"
"5794","859"
"5795","859"
"5796","859"
"5797","386"
"5798","386"
"5799","386"
"5800","516"
"5801","516"
"5802","516"
"5803","53"
"5804","53"
"5805","53"
"5806","183"
"5807","183"
"5808","183"
"5809","1510"
"5810","1510"
"5811","1510"
"5812","200"
"5813","200"
"5814","200"
"5815","1551"
"5816","1551"
"5817","1551"
"5818","1039"
"5819","1039"
"5820","1039"
"5821","1163"
"5822","1163"
"5823","1163"
"5824","548"
"5825","548"
"5826","548"
"5827","1444"
"5828","1444"
"5829","1444"
"5830","1444"
"5831","1298"
"5832","1298"
"5833","1298"
"5834","764"
"5835","764"
"5836","764"
"5837","450"
"5838","450"
"5839","450"
"5840","1337"
"5841","1337"
"5842","1337"
"5843","767"
"5844","767"
"5845","767"
"5846","64"
"5847","64"
"5848","64"
"5849","458"
"5850","458"
"5851","1455"
"5852","289"
"5853","289"
"5854","289"
"5855","1455"
"5856","1455"
"5857","64"
"5858","64"
"5859","866"
"5860","866"
"5861","866"
"5862","716"
"5863","617"
"5864","617"
"5865","617"
"5866","1375"
"5867","1375"
"5868","1375"
"5869","1084"
"5870","1084"
"5871","1084"
"5872","526"
"5873","526"
"5874","526"
"5875","247"
"5876","247"
"5877","247"
"5878","833"
"5879","833"
"5880","833"
"5881","561"
"5882","561"
"5883","561"
"5884","561"
"5885","160"
"5886","160"
"5887","160"
"5888","1467"
"5889","1467"
"5890","59"
"5891","59"
"5892","59"
"5893","436"
"5894","436"
"5895","436"
"5896","1467"
"5897","1467"
"5898","1078"
"5899","923"
"5900","923"
"5901","923"
"5902","923"
"5903","923"
"5904","923"
"5905","923"
"5906","923"
"5907","923"
"5908","923"
"5909","1078"
"5910","1078"
"5911","1078"
"5912","1078"
"5913","1078"
"5914","1078"
"5915","1078"
"5916","1078"
"5917","1078"
"5918","1078"
"5919","75"
"5920","75"
"5921","75"
"5922","75"
"5923","75"
"5924","75"
"5925","75"
"5926","75"
"5927","470"
"5928","470"
"5929","470"
"5930","470"
"5931","470"
"5932","470"
"5933","470"
"5934","470"
"5935","1342"
"5936","1342"
"5937","1342"
"5938","1342"
"5939","1342"
"5940","1342"
"5941","1342"
"5942","1342"
"5943","1342"
"5944","1342"
"5945","1342"
"5946","1342"
"5947","720"
"5948","720"
"5949","720"
"5950","720"
"5951","720"
"5952","720"
"5953","720"
"5954","720"
"5955","720"
"5956","720"
"5957","720"
"5958","720"
"5959","720"
"5960","740"
"5961","740"
"5962","740"
"5963","740"
"5964","740"
"5965","740"
"5966","740"
"5967","740"
"5968","740"
"5969","740"
"5970","740"
"5971","740"
"5972","740"
"5973","NA"
"5974","NA"
"5975","NA"
"5976","NA"
"5977","NA"
"5978","NA"
"5979","NA"
"5980","NA"
"5981","NA"
"5982","NA"
"5983","NA"
"5984","NA"
"5985","NA"
"5986","NA"
"5987","NA"
"5988","NA"
"5989","NA"
"5990","NA"
"5991","NA"
"5992","NA"
"5993","NA"
"5994","NA"
"5995","NA"
"5996","NA"
"5997","740"
"5998","1315"
"5999","1198"
"6000","826"
"6001","302"
"6002","476"
"6003","830"
"6004","1222"
"6005","684"
"6006","740"
"6007","NA"
"6008","516"
"6009","1153"
"6010","667"
"6011","859"
"6012","1151"
"6013","887"
"6014","887"
"6015","887"
"6016","74"
"6017","74"
"6018","74"
"6019","697"
"6020","697"
"6021","697"
"6022","205"
"6023","205"
"6024","205"
"6025","537"
"6026","537"
"6027","537"
"6028","1065"
"6029","1065"
"6030","1065"
"6031","NA"
"6032","NA"
"6033","NA"
"6034","784"
"6035","784"
"6036","784"
"6037","108"
"6038","108"
"6039","108"
"6040","831"
"6041","831"
"6042","831"
"6043","239"
"6044","239"
"6045","239"
"6046","13"
"6047","13"
"6048","13"
"6049","1539"
"6050","1539"
"6051","1539"
"6052","1320"
"6053","1320"
"6054","1320"
"6055","443"
"6056","443"
"6057","443"
"6058","290"
"6059","290"
"6060","290"
"6061","1124"
"6062","1124"
"6063","920"
"6064","920"
"6065","920"
"6066","1497"
"6067","1497"
"6068","1497"
"6069","1060"
"6070","1060"
"6071","1060"
"6072","913"
"6073","913"
"6074","913"
"6075","113"
"6076","113"
"6077","113"
"6078","1498"
"6079","201"
"6080","201"
"6081","201"
"6082","NA"
"6083","NA"
"6084","NA"
"6085","105"
"6086","105"
"6087","105"
"6088","52"
"6089","52"
"6090","52"
"6091","769"
"6092","769"
"6093","769"
"6094","431"
"6095","431"
"6096","817"
"6097","817"
"6098","817"
"6099","300"
"6100","300"
"6101","300"
"6102","566"
"6103","566"
"6104","566"
"6105","945"
"6106","945"
"6107","945"
"6108","779"
"6109","779"
"6110","779"
"6111","1462"
"6112","1462"
"6113","1462"
"6114","530"
"6115","530"
"6116","530"
"6117","1548"
"6118","1548"
"6119","1548"
"6120","818"
"6121","818"
"6122","818"
"6123","490"
"6124","490"
"6125","490"
"6126","1179"
"6127","1179"
"6128","404"
"6129","404"
"6130","1065"
"6131","1065"
"6132","1065"
"6133","1283"
"6134","1283"
"6135","1283"
"6136","1283"
"6137","1283"
"6138","1283"
"6139","62"
"6140","62"
"6141","62"
"6142","738"
"6143","738"
"6144","738"
"6145","138"
"6146","138"
"6147","421"
"6148","421"
"6149","421"
"6150","1424"
"6151","1424"
"6152","1424"
"6153","188"
"6154","188"
"6155","188"
"6156","1349"
"6157","1349"
"6158","182"
"6159","182"
"6160","182"
"6161","699"
"6162","699"
"6163","699"
"6164","858"
"6165","858"
"6166","858"
"6167","672"
"6168","672"
"6169","672"
"6170","1507"
"6171","1507"
"6172","1507"
"6173","413"
"6174","413"
"6175","413"
"6176","656"
"6177","656"
"6178","656"
"6179","959"
"6180","959"
"6181","959"
"6182","64"
"6183","64"
"6184","64"
"6185","850"
"6186","850"
"6187","850"
"6188","919"
"6189","919"
"6190","919"
"6191","232"
"6192","232"
"6193","232"
"6194","386"
"6195","217"
"6196","217"
"6197","217"
"6198","NA"
"6199","NA"
"6200","NA"
"6201","1195"
"6202","1195"
"6203","1195"
"6204","748"
"6205","748"
"6206","748"
"6207","1006"
"6208","1006"
"6209","1006"
"6210","816"
"6211","816"
"6212","248"
"6213","248"
"6214","248"
"6215","19"
"6216","19"
"6217","19"
"6218","866"
"6219","789"
"6220","789"
"6221","6"
"6222","6"
"6223","6"
"6224","1559"
"6225","1559"
"6226","1559"
"6227","645"
"6228","645"
"6229","645"
"6230","526"
"6231","526"
"6232","526"
"6233","701"
"6234","701"
"6235","701"
"6236","1165"
"6237","1165"
"6238","1165"
"6239","276"
"6240","276"
"6241","276"
"6242","1179"
"6243","1179"
"6244","1179"
"6245","1114"
"6246","887"
"6247","22"
"6248","22"
"6249","22"
"6250","1065"
"6251","1065"
"6252","1065"
"6253","1567"
"6254","1567"
"6255","1567"
"6256","912"
"6257","912"
"6258","912"
"6259","1361"
"6260","1361"
"6261","1361"
"6262","67"
"6263","67"
"6264","67"
"6265","1374"
"6266","1374"
"6267","1374"
"6268","1076"
"6269","1076"
"6270","1076"
"6271","667"
"6272","667"
"6273","667"
"6274","1076"
"6275","1076"
"6276","1076"
"6277","1190"
"6278","1190"
"6279","1190"
"6280","187"
"6281","187"
"6282","604"
"6283","604"
"6284","604"
"6285","1197"
"6286","1197"
"6287","1197"
"6288","1039"
"6289","1039"
"6290","1039"
"6291","548"
"6292","548"
"6293","548"
"6294","391"
"6295","391"
"6296","391"
"6297","53"
"6298","53"
"6299","53"
"6300","815"
"6301","815"
"6302","180"
"6303","180"
"6304","180"
"6305","527"
"6306","527"
"6307","527"
"6308","NA"
"6309","NA"
"6310","NA"
"6311","1114"
"6312","1114"
"6313","538"
"6314","538"
"6315","538"
"6316","217"
"6317","217"
"6318","217"
"6319","1352"
"6320","1352"
"6321","538"
"6322","538"
"6323","1005"
"6324","1343"
"6325","1343"
"6326","1343"
"6327","1324"
"6328","1324"
"6329","1324"
"6330","1170"
"6331","1170"
"6332","1170"
"6333","1556"
"6334","1556"
"6335","1556"
"6336","443"
"6337","443"
"6338","443"
"6339","1430"
"6340","1430"
"6341","1430"
"6342","720"
"6343","720"
"6344","720"
"6345","NA"
"6346","NA"
"6347","964"
"6348","964"
"6349","922"
"6350","922"
"6351","922"
"6352","922"
"6353","922"
"6354","922"
"6355","922"
"6356","922"
"6357","922"
"6358","922"
"6359","922"
"6360","469"
"6361","469"
"6362","469"
"6363","469"
"6364","469"
"6365","469"
"6366","469"
"6367","469"
"6368","469"
"6369","469"
"6370","67"
"6371","67"
"6372","67"
"6373","67"
"6374","67"
"6375","67"
"6376","67"
"6377","67"
"6378","67"
"6379","67"
"6380","922"
"6381","646"
"6382","646"
"6383","646"
"6384","646"
"6385","646"
"6386","646"
"6387","646"
"6388","646"
"6389","646"
"6390","646"
"6391","646"
"6392","646"
"6393","1542"
"6394","1542"
"6395","1542"
"6396","1542"
"6397","1542"
"6398","1542"
"6399","1542"
"6400","1542"
"6401","1542"
"6402","1542"
"6403","1542"
"6404","1542"
"6405","1542"
"6406","720"
"6407","720"
"6408","720"
"6409","720"
"6410","720"
"6411","720"
"6412","720"
"6413","720"
"6414","720"
"6415","720"
"6416","720"
"6417","720"
"6418","438"
"6419","438"
"6420","438"
"6421","438"
"6422","438"
"6423","438"
"6424","438"
"6425","438"
"6426","438"
"6427","438"
"6428","438"
"6429","438"
"6430","438"
"6431","438"
"6432","413"
"6433","413"
"6434","413"
"6435","824"
"6436","824"
"6437","824"
"6438","332"
"6439","332"
"6440","332"
"6441","966"
"6442","966"
"6443","966"
"6444","1208"
"6445","1208"
"6446","1208"
"6447","16"
"6448","16"
"6449","16"
"6450","125"
"6451","125"
"6452","125"
"6453","824"
"6454","824"
"6455","824"
"6456","125"
"6457","125"
"6458","1208"
"6459","1208"
"6460","1208"
"6461","987"
"6462","987"
"6463","987"
"6464","NA"
"6465","NA"
"6466","NA"
"6467","NA"
"6468","NA"
"6469","NA"
"6470","NA"
"6471","NA"
"6472","NA"
"6473","NA"
"6474","NA"
"6475","NA"
"6476","NA"
"6477","NA"
"6478","NA"
"6479","NA"
"6480","NA"
"6481","NA"
"6482","NA"
"6483","NA"
"6484","NA"
"6485","859"
"6486","NA"
"6487","1232"
"6488","NA"
"6489","NA"
"6490","1216"
"6491","1065"
"6492","1065"
"6493","1065"
"6494","1102"
"6495","1102"
"6496","1102"
"6497","54"
"6498","54"
"6499","54"
"6500","72"
"6501","72"
"6502","72"
"6503","38"
"6504","38"
"6505","38"
"6506","758"
"6507","758"
"6508","758"
"6509","608"
"6510","608"
"6511","773"
"6512","773"
"6513","773"
"6514","584"
"6515","584"
"6516","584"
"6517","178"
"6518","178"
"6519","178"
"6520","290"
"6521","290"
"6522","811"
"6523","811"
"6524","811"
"6525","1437"
"6526","1437"
"6527","1437"
"6528","167"
"6529","167"
"6530","167"
"6531","1010"
"6532","1010"
"6533","1010"
"6534","171"
"6535","171"
"6536","171"
"6537","1522"
"6538","1522"
"6539","1522"
"6540","709"
"6541","709"
"6542","709"
"6543","1496"
"6544","1496"
"6545","1496"
"6546","977"
"6547","977"
"6548","977"
"6549","857"
"6550","857"
"6551","720"
"6552","1127"
"6553","1127"
"6554","1128"
"6555","1128"
"6556","1128"
"6557","1144"
"6558","1144"
"6559","994"
"6560","994"
"6561","994"
"6562","330"
"6563","330"
"6564","330"
"6565","1229"
"6566","1229"
"6567","1229"
"6568","984"
"6569","984"
"6570","984"
"6571","1206"
"6572","1206"
"6573","1208"
"6574","1208"
"6575","1208"
"6576","330"
"6577","330"
"6578","531"
"6579","531"
"6580","531"
"6581","984"
"6582","984"
"6583","984"
"6584","1234"
"6585","1234"
"6586","1234"
"6587","531"
"6588","531"
"6589","531"
"6590","994"
"6591","994"
"6592","1208"
"6593","1208"
"6594","16"
"6595","16"
"6596","16"
"6597","131"
"6598","131"
"6599","1563"
"6600","1563"
"6601","1418"
"6602","1418"
"6603","1418"
"6604","1065"
"6605","1065"
"6606","1095"
"6607","1095"
"6608","1095"
"6609","479"
"6610","479"
"6611","479"
"6612","929"
"6613","929"
"6614","929"
"6615","882"
"6616","882"
"6617","882"
"6618","689"
"6619","689"
"6620","772"
"6621","772"
"6622","317"
"6623","317"
"6624","317"
"6625","430"
"6626","430"
"6627","1278"
"6628","1278"
"6629","1278"
"6630","1461"
"6631","1461"
"6632","1451"
"6633","1451"
"6634","1451"
"6635","62"
"6636","62"
"6637","62"
"6638","1352"
"6639","1352"
"6640","1352"
"6641","796"
"6642","796"
"6643","796"
"6644","978"
"6645","978"
"6646","978"
"6647","1283"
"6648","1283"
"6649","1283"
"6650","62"
"6651","62"
"6652","1065"
"6653","1065"
"6654","1065"
"6655","1468"
"6656","1468"
"6657","1468"
"6658","1065"
"6659","138"
"6660","138"
"6661","138"
"6662","1124"
"6663","904"
"6664","757"
"6665","1455"
"6666","288"
"6667","1459"
"6668","1563"
"6669","243"
"6670","243"
"6671","446"
"6672","205"
"6673","205"
"6674","929"
"6675","1084"
"6676","1084"
"6677","1084"
"6678","632"
"6679","632"
"6680","632"
"6681","747"
"6682","747"
"6683","323"
"6684","1229"
"6685","1229"
"6686","1229"
"6687","804"
"6688","804"
"6689","757"
"6690","757"
"6691","757"
"6692","575"
"6693","575"
"6694","575"
"6695","866"
"6696","866"
"6697","679"
"6698","679"
"6699","1298"
"6700","1298"
"6701","1298"
"6702","581"
"6703","581"
"6704","581"
"6705","837"
"6706","837"
"6707","471"
"6708","471"
"6709","1360"
"6710","1360"
"6711","1360"
"6712","1478"
"6713","478"
"6714","478"
"6715","478"
"6716","998"
"6717","998"
"6718","998"
"6719","986"
"6720","986"
"6721","986"
"6722","1472"
"6723","1472"
"6724","607"
"6725","607"
"6726","607"
"6727","1008"
"6728","1008"
"6729","1008"
"6730","627"
"6731","627"
"6732","72"
"6733","1110"
"6734","1110"
"6735","1110"
"6736","67"
"6737","67"
"6738","67"
"6739","1352"
"6740","1352"
"6741","1352"
"6742","1280"
"6743","1280"
"6744","1280"
"6745","955"
"6746","955"
"6747","955"
"6748","23"
"6749","23"
"6750","23"
"6751","1411"
"6752","76"
"6753","76"
"6754","76"
"6755","1490"
"6756","1490"
"6757","1490"
"6758","1463"
"6759","1463"
"6760","1463"
"6761","526"
"6762","526"
"6763","526"
"6764","1201"
"6765","866"
"6766","866"
"6767","866"
"6768","1340"
"6769","1056"
"6770","1056"
"6771","1056"
"6772","1161"
"6773","1161"
"6774","1161"
"6775","470"
"6776","470"
"6777","470"
"6778","470"
"6779","470"
"6780","470"
"6781","470"
"6782","470"
"6783","470"
"6784","470"
"6785","470"
"6786","67"
"6787","67"
"6788","67"
"6789","67"
"6790","67"
"6791","67"
"6792","67"
"6793","67"
"6794","67"
"6795","NA"
"6796","646"
"6797","646"
"6798","646"
"6799","646"
"6800","646"
"6801","646"
"6802","646"
"6803","646"
"6804","646"
"6805","646"
"6806","646"
"6807","646"
"6808","646"
"6809","646"
"6810","646"
"6811","1312"
"6812","1312"
"6813","1312"
"6814","1312"
"6815","1312"
"6816","1312"
"6817","1312"
"6818","1312"
"6819","1312"
"6820","1312"
"6821","1312"
"6822","1312"
"6823","1312"
"6824","1312"
"6825","1312"
"6826","1312"
"6827","1228"
"6828","1228"
"6829","1228"
"6830","1228"
"6831","1228"
"6832","1228"
"6833","1228"
"6834","1228"
"6835","1228"
"6836","1228"
"6837","1228"
"6838","1228"
"6839","1228"
"6840","1228"
"6841","1228"
"6842","1228"
"6843","1504"
"6844","1504"
"6845","1504"
"6846","1504"
"6847","1504"
"6848","1504"
"6849","1504"
"6850","1504"
"6851","1504"
"6852","1504"
"6853","1504"
"6854","1504"
"6855","1504"
"6856","1504"
"6857","1504"
"6858","NA"
"6859","1349"
"6860","604"
"6861","604"
"6862","704"
"6863","704"
"6864","704"
"6865","1210"
"6866","1210"
"6867","1210"
"6868","1021"
"6869","1021"
"6870","1021"
"6871","1506"
"6872","1506"
"6873","174"
"6874","174"
"6875","57"
"6876","57"
"6877","57"
"6878","1448"
"6879","1448"
"6880","1448"
"6881","290"
"6882","290"
"6883","290"
"6884","1572"
"6885","1572"
"6886","1572"
"6887","788"
"6888","788"
"6889","788"
"6890","904"
"6891","904"
"6892","904"
"6893","243"
"6894","243"
"6895","243"
"6896","443"
"6897","443"
"6898","443"
"6899","1430"
"6900","1430"
"6901","1430"
"6902","1358"
"6903","1358"
"6904","1358"
"6905","1503"
"6906","1503"
"6907","1437"
"6908","1437"
"6909","1437"
"6910","1136"
"6911","1136"
"6912","1136"
"6913","250"
"6914","250"
"6915","250"
"6916","494"
"6917","494"
"6918","494"
"6919","1339"
"6920","1339"
"6921","1339"
"6922","1441"
"6923","1441"
"6924","1441"
"6925","1504"
"6926","1504"
"6927","1504"
"6928","1378"
"6929","1378"
"6930","1378"
"6931","NA"
"6932","NA"
"6933","NA"
"6934","NA"
"6935","NA"
"6936","NA"
"6937","NA"
"6938","NA"
"6939","NA"
"6940","NA"
"6941","NA"
"6942","NA"
"6943","NA"
"6944","NA"
"6945","NA"
"6946","NA"
"6947","NA"
"6948","NA"
"6949","NA"
"6950","NA"
"6951","NA"
